S.no,Instagram name,Name,Subscribers,Audience country,Authentic engagement,Engagement average,Category_1,Category_2
1,cristiano,Cristiano Ronaldo,477900000.0,india,5000000.0,6200000.0,sports with a ball,unknown
2,kyliejenner,Kylie ğŸ¤,368100000.0,united states,3500000.0,5500000.0,fashion,modeling
3,arianagrande,Ariana Grande,329600000.0,united states,2900000.0,4000000.0,unknown,unknown
4,leomessi,Leo Messi,358600000.0,indonesia,2700000.0,3500000.0,sports with a ball,family
5,zendaya,Zendaya,151100000.0,united states,4300000.0,5800000.0,cinema & actors/actresses,fashion
6,selenagomez,Selena Gomez,344200000.0,united states,1800000.0,2400000.0,lifestyle,unknown
7,taylorswift,Taylor Swift,223500000.0,brazil,2500000.0,3300000.0,unknown,unknown
8,thv,V,50800000.0,south korea,12700000.0,12700000.0,unknown,unknown
9,virat.kohli,Virat Kohli,212600000.0,india,2600000.0,2900000.0,sports with a ball,unknown
10,beyonce,BeyonceÌ,274100000.0,united states,1500000.0,2100000.0,fashion,unknown
11,kimkardashian,Kim Kardashian,329800000.0,united states,1200000.0,1600000.0,fashion,beauty
12,tomholland2013,Tom Holland,68000000.0,united states,6300000.0,7700000.0,cinema & actors/actresses,unknown
13,j.m,JIMIN,43500000.0,south korea,11600000.0,11600000.0,unknown,unknown
14,billieeilish,BILLIE EILISH,106200000.0,united states,3500000.0,4600000.0,unknown,unknown
15,lalalalisa_m,LISA,81700000.0,indonesia,5000000.0,5800000.0,unknown,unknown
16,justinbieber,Justin Bieber,256300000.0,brazil,1300000.0,1800000.0,unknown,unknown
17,neymarjr,NJ ğŸ‡§ğŸ‡·,178100000.0,brazil,1500000.0,2200000.0,sports with a ball,unknown
18,agustd,SUGA of BTS ë¯¼ìœ¤ê¸°,38300000.0,south korea,9900000.0,9900000.0,lifestyle,unknown
19,sooyaaa__,JISOOğŸ¤,63800000.0,indonesia,4900000.0,5600000.0,beauty,unknown
20,jin,Jin of BTS,39500000.0,united states,8800000.0,8800000.0,unknown,unknown
21,kendalljenner,Kendall,255400000.0,united states,852000.0,1300000.0,modeling,fashion
22,karolg,KAROL G,56200000.0,mexico,5000000.0,6100000.0,unknown,unknown
23,kourtneykardash,Kourtney Kardashian Barker,196400000.0,united states,1200000.0,1700000.0,lifestyle,unknown
24,khaby00,Khaby Lame,79300000.0,india,2800000.0,3900000.0,sports with a ball,unknown
25,uarmyhope,jhope,39400000.0,south korea,7800000.0,7800000.0,unknown,unknown
26,jennierubyjane,J,69800000.0,indonesia,3700000.0,4400000.0,unknown,unknown
27,roses_are_rosie,ROSEÌ,62700000.0,indonesia,3700000.0,4300000.0,unknown,unknown
28,badbunnypr,badbunnypr,42800000.0,united states,3600000.0,5600000.0,unknown,unknown
29,milliebobbybrown,Millie Bobby Brown,58400000.0,brazil,3100000.0,4000000.0,cinema & actors/actresses,unknown
30,jlo,Jennifer Lopez,220900000.0,united states,830400.0,1100000.0,cinema & actors/actresses,unknown
31,zayn,Zayn Malik,47000000.0,india,3100000.0,4900000.0,unknown,unknown
32,rkive,RM,37800000.0,united states,5900000.0,5900000.0,lifestyle,unknown
33,instagram,Instagram,546600000.0,india,285400.0,356600.0,photography,unknown
34,bts.bighitofficial,BTS official,67500000.0,indonesia,2500000.0,2700000.0,unknown,unknown
35,iamcardib,Cardi B,140400000.0,united states,893800.0,1300000.0,fashion,unknown
36,jungkook.97,ì „ ì •êµ­ ì´ì˜¬ì‹œë‹¤,45800000.0,united states,3800000.0,3800000.0,unknown,unknown
37,champagnepapi,champagnepapi,120200000.0,united states,877000.0,1400000.0,unknown,unknown
38,therock,Dwayne Johnson,335900000.0,india,375200.0,477500.0,cinema & actors/actresses,fitness & gym
39,nickiminaj,Barbie,201800000.0,united states,486100.0,765500.0,unknown,unknown
40,narendramodi,Narendra Modi,69300000.0,india,1800000.0,2000000.0,finance & economics,business & careers
41,kingjames,ğŸ‘‘,131500000.0,united states,618300.0,1100000.0,sports with a ball,unknown
42,khloekardashian,KhloeÌ Kardashian,268399999.99999997,united states,403100.0,499300.0,clothing & outfits,lifestyle
43,dualipa,DUA LIPA,86300000.0,united states,1200000.0,1500000.0,unknown,unknown
44,willsmith,Will Smith,63700000.0,united states,1600000.0,1900000.0,cinema & actors/actresses,unknown
45,shawnmendes,Shawn Mendes,70200000.0,brazil,1200000.0,1700000.0,unknown,unknown
46,eunwo.o_c,ì°¨ì€ìš°,30200000.0,indonesia,3200000.0,3900000.0,lifestyle,unknown
47,harrystyles,harrystyles,47300000.0,united states,1700000.0,2300000.0,fashion,unknown
48,dlwlrma,á„‹á…µá„Œá…µá„€á…³á†· IU,27600000.0,south korea,3200000.0,3800000.0,unknown,unknown
49,actorleeminho,á„‹á…µá„†á…µá†«á„’á…© leeminho,30700000.0,indonesia,2600000.0,3400000.0,cinema & actors/actresses,unknown
50,noahschnapp,Noah Schnapp,27500000.0,brazil,2800000.0,3700000.0,cinema & actors/actresses,unknown
51,adele,Adele,50800000.0,united states,1400000.0,1900000.0,unknown,unknown
52,shraddhakapoor,Shraddha âœ¶,74400000.0,india,1100000.0,1300000.0,cinema & actors/actresses,unknown
53,gigihadid,Gigi Hadid,75400000.0,united states,795500.0,1200000.0,modeling,lifestyle
54,oliviarodrigo,Olivia Rodrigo,27800000.0,india,2500000.0,3100000.0,cinema & actors/actresses,unknown
55,georginagio,Georgina RodriÌguez,39100000.0,india,1500000.0,2100000.0,lifestyle,fashion
56,katrinakaif,Katrina Kaif,66599999.99999999,india,1100000.0,1200000.0,beauty,unknown
57,haileybieber,Hailey Rhode Baldwin Bieber,47600000.0,united states,1300000.0,1700000.0,lifestyle,modeling
58,k.mbappe,Kylian MbappeÌ,72600000.0,france,797200.0,1100000.0,sports with a ball,unknown
59,blakelively,Blake Lively,35000000.0,united states,1500000.0,2300000.0,cinema & actors/actresses,unknown
60,anushkasharma,AnushkaSharma1588,59700000.0,india,1200000.0,1300000.0,cinema & actors/actresses,unknown
61,nasa,NASA,82300000.0,india,800400.0,961700.0,science,photography
62,handemiyy,Hande ErcÌ§el,28900000.0,turkey,2100000.0,2700000.0,cinema & actors/actresses,unknown
63,sadiesink_,Sadie Sink,24600000.0,brazil,2200000.0,3100000.0,modeling,lifestyle
64,ester_exposito,Ester ğŸŒ™,29200000.0,mexico,1700000.0,2500000.0,cinema & actors/actresses,unknown
65,johnnydepp,Johnny Depp,27600000.0,india,1900000.0,2500000.0,cinema & actors/actresses,unknown
66,chrishemsworth,Chris Hemsworth,56000000.0,india,929300.0,1200000.0,cinema & actors/actresses,unknown
67,robertdowneyjr,Robert Downey Jr. Official,53400000.0,india,987500.0,1200000.0,cinema & actors/actresses,unknown
68,jongsuk0206,ì´ì¢…ì„,23500000.0,indonesia,2100000.0,2800000.0,cinema & actors/actresses,unknown
69,karimbenzema,Karim Benzema,57100000.0,france,798600.0,1100000.0,sports with a ball,unknown
70,fcbarcelona,FC Barcelona,111900000.0,indonesia,383800.0,585400.0,sports with a ball,unknown
71,charlidamelio,charli,49100000.0,united states,1100000.0,1300000.0,lifestyle,shows
72,camila_cabello,camila,65099999.99999999,brazil,704300.0,956700.0,unknown,unknown
73,bn_sj2013,á„‡á…¡á†¨á„‰á…¥á„Œá…®á†«,22700000.0,indonesia,2200000.0,2600000.0,cinema & actors/actresses,modeling
74,lelepons,Lele Pons,49400000.0,mexico,759900.0,1200000.0,unknown,unknown
75,realmadrid,Real Madrid C.F.,124600000.0,spain,324400.0,450700.0,sports with a ball,unknown
76,blackpinkofficial,BLÎ›Æ†KPIĞ˜K,49000000.0,indonesia,907000.0,1100000.0,unknown,unknown
77,ddlovato,Demi Lovato,139200000.0,united states,302700.0,392000.0,unknown,unknown
78,gal_gadot,Gal Gadot,86400000.0,united states,485500.0,627300.0,cinema & actors/actresses,unknown
79,dishapatani,disha patani (paatni) ğŸ¦‹,53600000.0,india,802500.0,988000.0,cinema & actors/actresses,lifestyle
80,niallhoran,Niall Horan,30500000.0,united states,1200000.0,1700000.0,unknown,unknown
81,rashmika_mandanna,Rashmika Mandanna,33100000.0,india,1300000.0,1600000.0,beauty,cinema & actors/actresses
82,dojacat,Doja Cat,24200000.0,united states,1500000.0,2000000.0,unknown,unknown
83,dovecameron,DOVE,48300000.0,united states,767900.0,1000000.0,cinema & actors/actresses,unknown
84,realstraykids,Stray Kids,22700000.0,indonesia,1700000.0,2100000.0,unknown,unknown
85,beingsalmankhan,Salman Khan,53900000.0,india,690300.0,883400.0,cinema & actors/actresses,unknown
86,ursulolita,UÌrsula CorberoÌ âœ¨,23700000.0,brazil,1400000.0,2000000.0,cinema & actors/actresses,modeling
87,paulodybala,Paulo Dybala,48600000.0,argentina,583500.0,934000.0,sports with a ball,unknown
88,songkang_b,á„‰á…©á†¼á„€á…¡á†¼,14700000.0,mexico,2200000.0,3000000.0,unknown,unknown
89,virginia,Virginia Fonseca Costa,39200000.0,brazil,708400.0,1100000.0,shows,lifestyle
90,hardikpandya93,Hardik Himanshu Pandya,23000000.0,india,1500000.0,1900000.0,sports with a ball,unknown
91,jacksonwang852g7,Jackson Wang,30000000.0,china,1200000.0,1400000.0,unknown,unknown
92,zacefron,Zac Efron,54800000.0,united states,534400.0,774700.0,cinema & actors/actresses,unknown
93,jacquelinef143,Jacqueline Fernandez,63000000.0,india,551400.0,672100.0,cinema & actors/actresses,unknown
94,yawnzzn,YEONJUN,10700000.0,india,3000000.0,3900000.0,unknown,unknown
95,oohsehun,SEHUN,23200000.0,indonesia,1500000.0,1800000.0,unknown,unknown
96,bellahadid,Bella ğŸ¦‹,54600000.0,united states,474500.0,758900.0,modeling,unknown
97,kimberly.loaiza,KIM LOAIZA ğŸ–¤,35800000.0,mexico,959200.0,1200000.0,clothing & outfits,lifestyle
98,iamzlatanibrahimovic,Zlatan IbrahimoviÄ‡,55400000.0,italy,481000.0,740700.0,sports with a ball,unknown
99,chrisevans,Chris Evans,17700000.0,united states,1900000.0,2300000.0,cinema & actors/actresses,unknown
100,maluma,MALUMA,62900000.0,italy,413300.0,636900.0,unknown,unknown
101,aliaabhatt,Alia Bhatt ğŸ¤â˜€ï¸,69700000.0,india,452500.0,560000.0,cinema & actors/actresses,unknown
102,tchalamet,TimotheÌe Chalamet,17800000.0,united states,1300000.0,2200000.0,cinema & actors/actresses,unknown
103,championsleague,UEFA Champions League,97600000.0,brazil,285700.0,389300.0,sports with a ball,unknown
104,vindiesel,Vin Diesel,82700000.0,brazil,353200.0,457400.0,cinema & actors/actresses,unknown
105,anitta,Anitta ğŸ¤,63200000.0,brazil,316200.0,590400.0,unknown,unknown
106,kiaraaliaadvani,KIARA,25000000.0,india,1200000.0,1400000.0,cinema & actors/actresses,unknown
107,shahidkapoor,Shahid Kapoor,35700000.0,india,858000.0,971600.0,cinema & actors/actresses,unknown
108,davidbeckham,David Beckham,75100000.0,india,360500.0,462300.0,family,sports with a ball
109,finnwolfhardofficial,Finn Wolfhard,26300000.0,brazil,1000000.0,1300000.0,cinema & actors/actresses,unknown
110,mosalah,Mohamed Salah,52700000.0,egypt,458800.0,650000.0,sports with a ball,unknown
111,priyankachopra,Priyanka,81800000.0,india,343400.0,417300.0,cinema & actors/actresses,unknown
112,antonelaroccuzzo,Antonela Roccuzzo,20200000.0,argentina,1000000.0,1700000.0,modeling,family
113,tyga,T-Raww,36500000.0,united states,628400.0,939200.0,unknown,unknown
114,hoooooyeony,Hoyeon,22900000.0,south korea,1100000.0,1500000.0,lifestyle,unknown
115,lucas_xx444,LUCAS,11500000.0,indonesia,2400000.0,3000000.0,unknown,unknown
116,mrbeast,MrBeast,19900000.0,united states,1200000.0,1700000.0,shows,humor & fun & happiness
117,jenniferaniston,Jennifer Aniston,40700000.0,brazil,554900.0,805300.0,cinema & actors/actresses,unknown
118,iamsrk,Shah Rukh Khan,30400000.0,india,863300.0,1100000.0,cinema & actors/actresses,unknown
119,kritisanon,Kriti,50600000.0,india,547600.0,638300.0,modeling,unknown
120,chrisbrownofficial,BREEZY,119100000.0,united states,172000.0,268200.0,unknown,unknown
121,_rl9,Robert Lewandowski,29400000.0,poland,844400.0,1100000.0,sports with a ball,unknown
122,deepikapadukone,Deepika Padukone,68800000.0,india,342000.0,446200.0,cinema & actors/actresses,unknown
123,pewdiepie,PewDiePie,21800000.0,united states,1200000.0,1400000.0,computers & gadgets,unknown
124,madelame,Madelaine Petsch,25200000.0,russia,861200.0,1200000.0,cinema & actors/actresses,unknown
125,ronaldinho,Ronaldo de Assis Moreira,67800000.0,brazil,256200.0,445600.0,sports with a ball,unknown
126,alluarjunonline,Allu Arjun,19100000.0,india,1300000.0,1600000.0,cinema & actors/actresses,unknown
127,rosalia.vt,LA ROSALIÌA,21900000.0,spain,1000000.0,1400000.0,unknown,unknown
128,emrata,Emily Ratajkowski,29600000.0,united states,629900.0,1000000.0,modeling,unknown
129,addisonraee,Addison Rae,40000000.0,united states,481000.0,742200.0,beauty,unknown
130,433,433,51600000.0,spain,339400.0,563900.0,sports with a ball,unknown
131,katyperry,KATY PERRY,171200000.0,brazil,130500.0,168300.0,unknown,unknown
132,_jeongjaehyun,Jaehyun,12400000.0,indonesia,1900000.0,2300000.0,unknown,unknown
133,madisonbeer,Madison Beer,32400000.0,united states,588900.0,879500.0,unknown,unknown
134,marcelotwelve,Marcelo Vieira,58500000.0,spain,325700.0,484200.0,sports with a ball,unknown
135,phs1116,ë°•í˜•ì‹ / PARKHYUNGSIK,10500000.0,indonesia,2200000.0,2700000.0,business & careers,unknown
136,sergioramos,Sergio Ramos,53100000.0,spain,344100.0,527400.0,sports with a ball,unknown
137,casemiro,Casemiro,17400000.0,brazil,1100000.0,1600000.0,sports with a ball,unknown
138,emmachamberlain,emma chamberlain,16100000.000000002,united states,1100000.0,1700000.0,lifestyle,shows
139,luvadepedreiro,Iran Ferreira,18400000.0,brazil,894200.0,1500000.0,family,sports with a ball
140,rohittt_09_,ğ‘ğ¨ğ¡ğ¢ğ­ ğ™ğ¢ğ§ğ£ğ®ğ«ğ¤ğ ~ ğ«ğğšğœğ­ğ¢ğ¨ğ§ğ›ğ¨ğ¢ ğŸ’«,24100000.0,india,807500.0,1100000.0,shows,lifestyle
141,nike,Nike,235700000.0,united states,89700.0,116200.0,fitness & gym,shopping & retail
142,luisitocomunica,Luisillo El Pillo,32400000.0,mexico,627100.0,828500.0,humor & fun & happiness,clothing & outfits
143,miakhalifa,Mia K.,27700000.0,india,605500.0,968500.0,fitness & gym,lifestyle
144,theweeknd,The Weeknd,42900000.0,united states,456600.0,618700.0,unknown,unknown
145,ladygaga,Lady Gaga,53300000.0,united states,351000.0,492300.0,cinema & actors/actresses,unknown
146,varundvn,VarunDhawan,44100000.0,india,484000.0,589800.0,cinema & actors/actresses,unknown
147,zefelipecantor,ZeÌ,25000000.0,brazil,591400.0,1000000.0,unknown,unknown
148,manchesterunited,Manchester United,60200000.0,united kingdom,265600.0,425000.0,sports with a ball,unknown
149,sidhu_moosewala,Sidhu Moosewala (à¨®à©‚à¨¸à©‡ à¨†à¨²à¨¾),11200000.0,india,2000000.0,2400000.0,lifestyle,unknown
150,thedeverakonda,Vijay Deverakonda,17500000.0,india,1200000.0,1400000.0,cinema & actors/actresses,unknown
151,emilia_clarke,emilia_clarke,27000000.0,india,733500.0,922200.0,cinema & actors/actresses,unknown
152,elrubiuswtf,el rubius WTF,17300000.0,mexico,1300000.0,1400000.0,computers & gadgets,unknown
153,hegdepooja,Pooja Hegde,21300000.0,india,995700.0,1100000.0,cinema & actors/actresses,unknown
154,vinijr,Vinicius Jr. âš¡ï¸ğŸ‡§ğŸ‡·,22300000.0,brazil,610100.0,1100000.0,sports with a ball,lifestyle
155,feliciathegoat,"Tyler, The Creator",13200000.0,united states,1100000.0,1800000.0,unknown,unknown
156,lewishamilton,Lewis Hamilton,29800000.0,brazil,564500.0,810500.0,racing sports,unknown
157,zidane,zidane,33700000.0,spain,524200.00000000006,714000.0,sports with a ball,unknown
158,natgeo,National Geographic,238300000.0,united states,78800.0,100300.0,nature & landscapes,science
159,madelyncline,Maddie,12600000.0,united states,1300000.0,1900000.0,cinema & actors/actresses,unknown
160,henrycavill,Henry Cavill,21700000.0,brazil,897000.0,1100000.0,cinema & actors/actresses,unknown
161,theestallion,Megan Thee Stallion,29800000.0,united states,451400.0,788200.0,unknown,unknown
162,saraalikhan95,Sara Ali Khan,41200000.0,india,459900.0,561200.0,cinema & actors/actresses,unknown
163,jacobelordi,Jacob Elordi,13200000.0,brazil,1100000.0,1700000.0,cinema & actors/actresses,unknown
164,bizarrap,BZRP,14900000.0,argentina,1300000.0,1500000.0,unknown,unknown
165,leedongwook_official,ì´ë™ìš± (Official_Instagram),14800000.0,indonesia,1200000.0,1600000.0,cinema & actors/actresses,unknown
166,thenameisyash,Yash,11200000.0,india,1700000.0,2000000.0,cinema & actors/actresses,unknown
167,hrithikroshan,Hrithik Roshan,43900000.0,india,407500.0,515700.00000000006,cinema & actors/actresses,unknown
168,kapilsharma,Kapil Sharma,42600000.0,india,463900.0,528600.0,cinema & actors/actresses,shows
169,shakira,Shakira,76200000.0,india,216500.0,296200.0,unknown,unknown
170,jichangwook,ì§€ì°½ìš±,21400000.0,indonesia,828300.0,1100000.0,cinema & actors/actresses,unknown
171,imhyoseop,ì•ˆíš¨ì„­,8900000.0,indonesia,2200000.0,2500000.0,lifestyle,unknown
172,norafatehi,Nora Fatehi,42100000.0,india,424400.0,522299.99999999994,cinema & actors/actresses,shows
173,cznburak,Burak OÌˆzdemir,40400000.0,turkey,398900.0,541900.0,food & cooking,unknown
174,na.jaemin0813,JAEMIN,10000000.0,indonesia,1800000.0,2200000.0,unknown,unknown
175,paulpogba,Paul Labile Pogba,55300000.0,brazil,218300.0,388600.0,sports with a ball,unknown
176,zkdlin,KAI,14200000.0,indonesia,1200000.0,1500000.0,unknown,unknown
177,sabrinacarpenter,Sabrina Carpenter,27700000.0,brazil,631400.0,775400.0,unknown,unknown
178,nehakakkar,Neha Kakkar (Mrs. Singh),70800000.0,india,259100.00000000003,302500.0,unknown,unknown
179,lanarhoades,Lana Rhoades,16600000.000000002,united states,771400.0,1300000.0,lifestyle,modeling
180,jannatzubair29,Jannat Zubair Rahmani,44100000.0,india,386700.0,471200.0,cinema & actors/actresses,unknown
181,emmawatson,Emma Watson,67500000.0,united states,224300.0,306200.0,literature & journalism,cinema & actors/actresses
182,domelipa,domelipa,19800000.0,mexico,850500.0,1000000.0,lifestyle,unknown
183,bbrightvc,bright,16100000.000000002,indonesia,1000000.0,1300000.0,cinema & actors/actresses,unknown
184,erling.haaland,Erling Braut Haaland,18300000.0,brazil,722600.0,1100000.0,lifestyle,sports with a ball
185,strangerthingstv,Stranger Things Netflix,22600000.0,brazil,649800.0,869600.0,cinema & actors/actresses,shows
186,bambam1a,BamBam,16700000.0,brazil,917300.0,1200000.0,unknown,unknown
187,vancityreynolds,Ryan Reynolds,45100000.0,united states,323400.0,425500.0,cinema & actors/actresses,unknown
188,nina,Nina Dobrev,25900000.0,brazil,512900.0,735400.0,cinema & actors/actresses,unknown
189,iambeckyg,Becky G,33500000.0,mexico,470300.0,566800.0,unknown,unknown
190,onyourm__ark,Mark,9300000.0,indonesia,1700000.0,2100000.0,lifestyle,unknown
191,daddyyankee,Daddy Yankee,46000000.0,argentina,296900.0,414000.0,unknown,unknown
192,jamesrodriguez10,James RodriÌguez,49900000.0,colombia,250000.0,380500.0,sports with a ball,unknown
193,kartikaaryan,KARTIK AARYAN,26000000.0,india,580400.0,721800.0,cinema & actors/actresses,unknown
194,do0_nct,Doyoung,10500000.0,indonesia,1300000.0,1700000.0,lifestyle,unknown
195,twicetagram,TWICE,26600000.0,indonesia,564000.0,684300.0,modeling,unknown
196,m10_official,Mesut OÌˆzil,24200000.0,turkey,539000.0,758100.0,sports with a ball,unknown
197,aurelie.hermansyah,Aurelie Hermansyah Atta,27100000.0,indonesia,528200.0,666200.0,beauty,unknown
198,enhypen,ENHYPEN,10900000.0,indonesia,1200000.0,1600000.0,lifestyle,unknown
199,loganpaul,Logan Paul,23800000.0,united states,548200.0,731000.0,fitness & gym,unknown
200,momo,ëª¨ëª¨ (MOMO),8000000.0,turkey,1500000.0,2200000.0,lifestyle,unknown
201,zachking,Zach King,24500000.0,indonesia,455500.0,701700.0,shows,humor & fun & happiness
202,akshaykumar,Akshay Kumar,63100000.0,india,229800.0,273000.0,cinema & actors/actresses,unknown
203,iamhalsey,halsey,30500000.0,united states,422700.0,556300.0,unknown,unknown
204,serna_amini,Serna Amini,9600000.0,iran,1400000.0,1800000.0,unknown,unknown
205,nct,NCT Official Instagram,14600000.0,indonesia,918300.0,1100000.0,unknown,unknown
206,kajalaggarwalofficial,Kajal A Kitchlu,23500000.0,india,583000.0,704600.0,cinema & actors/actresses,unknown
207,tatawerneck,Tata Werneck,54100000.0,brazil,197100.0,306000.0,cinema & actors/actresses,family
208,angelrai07,Angel Rai :),22500000.0,india,591400.0,712500.0,cinema & actors/actresses,unknown
209,brentrivera,Brent Rivera,22300000.0,united states,556000.0,721700.0,cinema & actors/actresses,unknown
210,taeyeon_ss,TaeYeon,18800000.0,south korea,696600.0,847100.0,unknown,unknown
211,louist91,Louis Tomlinson,18500000.0,brazil,636600.0,870900.0,unknown,unknown
212,itzy.all.in.us,ITZY,17900000.0,indonesia,714500.0,873700.0,unknown,unknown
213,haileesteinfeld,hailee steinfeld,19600000.0,united states,626300.0,795200.0,cinema & actors/actresses,unknown
214,iamferv,fer,10600000.0,mexico,994000.0,1500000.0,lifestyle,unknown
215,brunomars,Bruno Mars,25900000.0,brazil,397000.0,601300.0,unknown,unknown
216,carlinhosmaiaof,Carlinhos MaiağŸŒ»,26100000.0,brazil,326500.0,595300.0,lifestyle,unknown
217,taeoxo_nct,TAEYONG,9600000.0,indonesia,1200000.0,1600000.0,lifestyle,unknown
218,lilireinhart,Lili Reinhart,28700000.0,brazil,359900.0,532300.0,cinema & actors/actresses,unknown
219,colesprouse,Cole Sprouse,35900000.0,united states,324600.0,423800.0,modeling,unknown
220,jessicah_o,Jessi / á„Œá…¦á„‰á…µ,12600000.0,united states,939700.0,1200000.0,unknown,unknown
221,riaricis1795,RICIS,31900000.0,indonesia,386500.0,472900.0,lifestyle,unknown
222,carryminati,ğ‘¨ğ’‹ğ’†ğ’š ğ‘µğ’‚ğ’ˆğ’‚ğ’“,16100000.000000002,india,795300.0,935800.0,computers & gadgets,machinery & technologies
223,nayeonyny,ë‚˜ì—° (NAYEON),8300000.000000001,brazil,1600000.0,1800000.0,lifestyle,unknown
224,sydney_sweeney,Sydney Sweeney,14200000.0,united states,555400.0,1000000.0,lifestyle,cinema & actors/actresses
225,thinkaboutzu,ì¯”ìœ„ (TZUYU),8000000.0,india,1600000.0,1900000.0,unknown,unknown
226,gatenm123,Gaten Matarazzo,18700000.0,brazil,596800.0,788200.0,cinema & actors/actresses,fashion
227,postmalone,postmalone,22800000.0,united states,423200.0,647100.0,unknown,unknown
228,awez_darbar,Awez Darbar,23100000.0,india,531200.0,636500.0,shows,cinema & actors/actresses
229,m.by__sana,ì‚¬ë‚˜ (SANA),7500000.0,yemen,1700000.0,2000000.0,lifestyle,unknown
230,skuukzky,á„‰á…®á†½á„‹á…µ  ğŸ’„ğŸ’…ğŸ‘¡ğŸ‘ ğŸ€ğŸ‘™ğŸŒ‚ğŸ‘—ğŸŒ‚ğŸ€ğŸ’‹ğŸ’Œ,18000000.0,indonesia,654800.0,807900.0,clothing & outfits,unknown
231,lilbaby,lilbaby,20400000.0,united states,385500.0,711900.0,unknown,unknown
232,somsomi0309,ENNIK ì „ì†Œë¯¸,15600000.0,indonesia,754700.0,912500.0,unknown,unknown
233,camimendes,camila mendes,26900000.0,brazil,379600.0,526300.0,cinema & actors/actresses,unknown
234,attahalilintar,Atta Halilintar - PAPATA,24000000.0,indonesia,430600.0,588000.0,shows,unknown
235,sunnyleone,Sunny Leone,53500000.0,india,195500.0,264700.0,beauty,cinema & actors/actresses
236,justintimberlake,Justin Timberlake,66099999.99999999,united states,157900.0,210900.0,cinema & actors/actresses,unknown
237,riyaz.14,Riyaz Aly,27400000.0,india,395000.0,514000.0,lifestyle,unknown
238,juliette,Juliette,33400000.0,brazil,260800.0,414500.0,cinema & actors/actresses,unknown
239,xxxibgdrgn,á„€á…¯á†«á„Œá…µá„‹á…­á†¼(æ¬Šå¿—é¾),21300000.0,indonesia,504800.0,640000.0,photography,fashion
240,hyunah_aa,Hyun Ah,18200000.0,south korea,622100.0,737200.0,unknown,unknown
241,ranveersingh,Ranveer Singh,41100000.0,india,247400.0,322000.0,cinema & actors/actresses,modeling
242,bretmanrock,Bretman (Da Baddest) Rock,18500000.0,united states,424600.0,714800.0,beauty,unknown
243,kevinhart4real,Kevin Hart,152500000.0,united states,68900.0,87300.0,cinema & actors/actresses,unknown
244,evaluna,Evaluna Montaner de Echeverry,20700000.0,argentina,457800.0,630700.0,family,unknown
245,prattprattpratt,Chris Pratt,38600000.0,united states,258399.99999999997,338100.0,cinema & actors/actresses,unknown
246,jbalvin,J Balvin,52800000.0,mexico,188500.0,247500.0,unknown,unknown
247,jairmessiasbolsonaro,Jair M. Bolsonaro,21300000.0,brazil,452800.0,628900.0,finance & economics,business & careers
248,britneyspears,Britney Spears,42200000.0,united states,222700.0,309700.0,unknown,unknown
249,janhvikapoor,Janhvi Kapoor,18500000.0,india,581100.0,693300.0,lifestyle,cinema & actors/actresses
250,tinistoessel,LaTripleT,18600000.0,argentina,514799.99999999994,690500.0,unknown,unknown
251,lukamodric10,Luka Modric,24800000.0,spain,349000.0,511300.0,sports with a ball,unknown
252,anushkasen0408,Anushka Sen,38600000.0,india,282700.0,330300.0,cinema & actors/actresses,unknown
253,min9yu_k,ê¹€ë¯¼ê·œ,7600000.0,indonesia,1400000.0,1700000.0,unknown,unknown
254,keerthysureshofficial,Keerthy Suresh,13600000.0,india,805000.0,921100.0,beauty,cinema & actors/actresses
255,samoylovaoxana,Samoylova Oxana,15300000.0,russia,603400.0,818100.0,family,lifestyle
256,juandediospantoja,JD PANTOJA ğŸ‡²ğŸ‡½,22600000.0,mexico,479400.0,547600.0,cinema & actors/actresses,unknown
257,sidmalhotra,Sidharth Malhotra,20600000.0,india,478200.0,595500.0,cinema & actors/actresses,modeling
258,avneetkaur_13,Avneet Kaur Official,32500000.0,india,308500.0,375800.0,cinema & actors/actresses,unknown
259,garethbale11,Gareth Bale,48100000.0,spain,160600.0,251800.0,sports with a ball,unknown
260,yellow_3to3,REN JUN,6300000.0,indonesia,1600000.0,2000000.0,lifestyle,unknown
261,lilyjcollins,Lily Collins,26900000.0,united states,300900.0,448000.0,cinema & actors/actresses,unknown
262,luissuarez9,Luis SuÃ¡rez,44300000.0,brazil,179900.0,269700.0,sports with a ball,unknown
263,realbarbarapalvin,Barbara Palvin,18200000.0,russia,483400.0,652300.0,modeling,fashion
264,johnnyjsuh,Johnny Suh,8800000.0,indonesia,1000000.0,1400000.0,lifestyle,unknown
265,lizgillz,Elizabeth Gillies,14100000.0,mexico,578900.0,838100.0,cinema & actors/actresses,unknown
266,fedez,FEDEZ,14400000.0,italy,593000.0,820400.0,unknown,unknown
267,keniaos,Kenia Os,13900000.0,mexico,655100.0,851800.0,unknown,unknown
268,liluzivert,Lil Uzi Vert,16399999.999999998,united states,392800.0,722900.0,unknown,unknown
269,_zyozyo,JIHYO,6700000.0,indonesia,1400000.0,1800000.0,lifestyle,unknown
270,heybiblee,á„‹á…µá„‰á…¥á†¼á„€á…§á†¼,14500000.0,indonesia,598200.0,807600.0,modeling,unknown
271,thehughjackman,thehughjackman,30500000.0,united states,338100.0,384400.0,cinema & actors/actresses,unknown
272,marvel,Marvel Entertainment,66400000.00000001,united states,148000.0,175500.0,cinema & actors/actresses,shows
273,nicki.nicole,nicki.nicole,12500000.0,argentina,630000.0,931600.0,unknown,unknown
274,yoona__lim,yoona__lim,13900000.0,indonesia,700100.0,837600.0,cinema & actors/actresses,unknown
275,ananyapanday,Ananya ğŸ’›ğŸ’«,23700000.0,india,419700.0,490200.0,cinema & actors/actresses,unknown
276,pubity,Pubity,31800000.0,united states,249300.0,364500.0,humor & fun & happiness,unknown
277,mr_faisu_07,FAISAL SHAIKH,28300000.0,india,322900.0,411800.0,modeling,cinema & actors/actresses
278,marshmello,marshmello,29500000.0,united states,267100.0,385900.0,unknown,unknown
279,tigerjackieshroff,Tiger Shroff,35600000.0,india,263700.0,321300.0,cinema & actors/actresses,unknown
280,_imyour_joy,Joy,14200000.0,indonesia,670100.0,801000.0,lifestyle,unknown
281,iansomerhalder,iansomerhalder,23400000.0,united states,326200.0,487600.0,cinema & actors/actresses,unknown
282,trippieredd,555,13100000.0,united states,443100.0,868900.0,unknown,unknown
283,sachintendulkar,Sachin Tendulkar,35600000.0,india,264200.0,316700.0,sports with a ball,lifestyle
284,perrieedwards,Perrie Edwards ğŸ–¤,15900000.0,brazil,456600.0,712500.0,modeling,unknown
285,ashishchanchlani,Ashish Chanchlani,14600000.0,india,621800.0,760300.0,cinema & actors/actresses,unknown
286,iammichelemorroneofficial,Michele Morrone,15300000.0,brazil,498400.0,714900.0,lifestyle,cinema & actors/actresses
287,dannapaola,Danna Paola,34800000.0,mexico,216100.0,313300.0,unknown,unknown
288,bhuvan.bam22,Bhuvan Bam,14800000.0,india,594900.0,736500.0,cinema & actors/actresses,unknown
289,cbum,Chris Bumstead,10100000.0,united states,646300.0,1100000.0,fitness & gym,unknown
290,psg,Paris Saint-Germain,62400000.0,brazil,103200.0,172200.0,sports with a ball,unknown
291,mina_sr_my,ë¯¸ë‚˜ (MINA),6600000.0,indonesia,1400000.0,1700000.0,unknown,unknown
292,marvelstudios,Marvel Studios,38300000.0,india,249500.0,279600.0,cinema & actors/actresses,unknown
293,tenlee_1001,TEN_+â€¢10,9900000.0,indonesia,860900.0,1100000.0,unknown,unknown
294,mirella,BAD MI âš¡ï¸ MIRELLA,27000000.0,brazil,188100.0,396400.0,unknown,unknown
295,greeicy,Greeicy,21400000.0,colombia,371700.0,498800.0,shows,cinema & actors/actresses
296,winmetawin,Win Metawin O.,14100000.0,philippines,673600.0,761700.0,lifestyle,unknown
297,anuel,â€œREAL HASTA LA MUERTEâ€,29400000.0,spain,239800.0,366500.0,unknown,unknown
298,mont.pantoja,MONT,12400000.0,mexico,717700.0,853800.0,unknown,unknown
299,alidaei,Ali Daei,9100000.0,iran,722800.0,1200000.0,sports with a ball,unknown
300,jheneaiko,JheneÌ Aiko Efuru Chilombo ğŸ”®,15000000.0,united states,399500.0,700700.0,unknown,unknown
301,urvashirautela,Urvashi Rautela,54200000.0,india,164400.0,194400.0,cinema & actors/actresses,unknown
302,imsebastianstan,Sebastian Stan,9400000.0,united states,941300.0,1100000.0,shows,cinema & actors/actresses
303,larasilva,Lara Silva âš ï¸,17400000.0,brazil,386600.0,596800.0,shows,adult content
304,brunamarquezine,Bruna Marquezine,43100000.0,brazil,139500.0,242000.0,cinema & actors/actresses,unknown
305,manurios,Manu Rios,11000000.0,mexico,553300.0,933000.0,shows,unknown
306,nct127,NCT 127 Official Instagram,14300000.0,indonesia,582800.0,720400.0,unknown,unknown
307,ross_lynch,Ross Shor Lynch,10900000.0,united states,468500.0,935600.0,cinema & actors/actresses,unknown
308,asaprocky,GRIM,15000000.0,united states,405600.0,678200.0,unknown,unknown
309,maya_hawke,Maya Hawke,10100000.0,united states,723100.0,1000000.0,cinema & actors/actresses,unknown
310,nusr_et,Nusr_et#Saltbae,47700000.0,turkey,144600.0,212800.0,food & cooking,unknown
311,neslihanatagul,Neslihan AtaguÌˆl DogÌ†ulu,13500000.0,turkey,608900.0,776600.0,cinema & actors/actresses,modeling
312,arigameplays,ARIGAMEPLAYS,11500000.0,mexico,727800.0,873800.0,lifestyle,cinema & actors/actresses
313,hi_sseulgi,ìŠ¬ê¸° Seulgi,12600000.0,indonesia,634200.0,794900.0,modeling,unknown
314,whinderssonnunes,Whindersson Nunes,58800000.0,brazil,111200.0,171900.0,humor & fun & happiness,unknown
315,bellathorne,BELLA,25400000.0,united states,232300.0,389700.0,unknown,unknown
316,nct_dream,NCT DREAM OFFICIAL,10400000.0,indonesia,845000.0,944000.0,modeling,fashion
317,burakozcivit,Burak OÌˆzcÌ§ivit,22000000.0,turkey,371500.0,451100.0,cinema & actors/actresses,unknown
318,luisasonza,LUÃSA SONZA,30300000.0,brazil,205600.0,325900.0,lifestyle,unknown
319,xeesoxee,á„’á…¡á†«á„‰á…©á„’á…´,9700000.0,indonesia,784200.0,1000000.0,lifestyle,unknown
320,wwiinn_7,WINWIN,7400000.0,indonesia,1100000.0,1300000.0,unknown,unknown
321,paulolondra,Paulo londra,13700000.0,argentina,451000.0,704900.0,unknown,unknown
322,sofiacarson,Sofia Carson,20300000.0,brazil,350600.0,475300.0,cinema & actors/actresses,unknown
323,michaelbjordan,Michael B. Jordan,18700000.0,united states,310200.0,514500.0,cinema & actors/actresses,unknown
324,hannahstocking,Hannah Stocking,22700000.0,united states,297500.0,422800.0,modeling,unknown
325,sza,SZA,12600000.0,united states,451500.0,763300.0,unknown,unknown
326,anguscloud,Angus Cloud,8000000.0,united states,720100.0,1200000.0,unknown,unknown
327,jy_piece,ìœ ì •ì—°,5500000.0,brazil,1400000.0,1700000.0,unknown,unknown
328,nba,NBA,70600000.0,united states,81900.0,132600.0,sports with a ball,unknown
329,auba,Pierre-Emerick Aubameyang,13300000.0,united kingdom,445000.0,708600.0,sports with a ball,unknown
330,kevindebruyne,Kevin De Bruyne,18900000.0,united kingdom,320300.0,495700.0,sports with a ball,unknown
331,juanpazurita,Juanpa Zurita,30300000.0,mexico,214900.0,306100.0,cinema & actors/actresses,unknown
332,haechanahceah,HAECHAN,4600000.0,indonesia,1800000.0,2000000.0,unknown,unknown
333,chaeyo.0,ì±„ì˜ (CHAEYOUNG),6900000.0,philippines,1200000.0,1400000.0,lifestyle,unknown
334,aron.piper,ARONğŸŒœğŸŒ,13600000.0,brazil,356400.0,671500.0,lifestyle,unknown
335,hassan_reyvandi,hasan reyvandi Ø­Ø³Ù† Ø±ÛŒÙˆÙ†Ø¯ÛŒ,19700000.0,iran,337900.0,466900.0,cinema & actors/actresses,humor & fun & happiness
336,aespa_official,aespa á„‹á…¦á„‰á…³á„‘á…¡,9500000.0,indonesia,674800.0,970400.0,unknown,unknown
337,rohitsharma45,Rohit Sharma,24900000.0,india,324400.0,366300.0,sports with a ball,lifestyle
338,belindapop,Beli,15600000.0,mexico,405600.0,581100.0,unknown,unknown
339,dahhyunnee,ë‹¤í˜„ (DAHYUN),6300000.0,brazil,1300000.0,1500000.0,unknown,unknown
340,shaq,DR. SHAQUILLE O'NEAL Ed.D.,26700000.0,united states,258100.00000000003,338500.0,humor & fun & happiness,sports with a ball
341,kimjuncotton,SUHO,10300000.0,indonesia,732400.0,873700.0,lifestyle,unknown
342,thenotoriousmma,Conor McGregor Official,46100000.0,united states,134400.0,194900.0,fitness & gym,unknown
343,bighit_ent,BigHit Music Updates,12900000.0,indonesia,564000.0,694900.0,unknown,unknown
344,rauwalejandro,RAULEETO,15100000.0,spain,411100.0,596200.0,unknown,unknown
345,klrahul,KL RahulğŸ‘‘,13000000.0,india,538000.0,687100.0,sports with a ball,unknown
346,duki,Ya Supiste,10600000.0,argentina,541700.0,833900.0,unknown,unknown
347,sophiet,S O P H I E T U R N E R,14700000.0,united states,445600.0,599100.0,cinema & actors/actresses,unknown
348,chiaraferragni,Chiara Ferragni âœ¨,27800000.0,italy,189800.0,315200.0,beauty,unknown
349,toni.kr8s,Toni Kroos,35100000.0,germany,184000.0,249900.0,sports with a ball,unknown
350,sureshraina3,Suresh Raina,21000000.0,india,369300.0,416600.0,modeling,unknown
353,michelleobama,Michelle Obama,50800000.0,united states,156100.0,174600.0,finance & economics,business & careers
357,ratantata,Ratan Tata,6800000.0,india,1100000.0,1300000.0,business & careers,unknown
358,charles_leclerc,Charles Leclerc,8700000.0,italy,763700.0,1000000.0,racing sports,unknown
359,alexandradaddario,alexandra daddario,22500000.0,india,313100.0,382600.0,cinema & actors/actresses,unknown
360,m_kayoung,MUN KA YOUNG,8600000.0,indonesia,765100.0,1000000.0,cinema & actors/actresses,unknown
361,joeyking,Joey King,19100000.0,brazil,313900.0,449300.0,cinema & actors/actresses,modeling
362,stephencurry30,Wardell Curry,45900000.0,united states,140000.0,187300.0,sports with a ball,family
363,houseofhighlights,House of Highlights,36100000.0,united states,130000.0,238100.0,sports with a ball,unknown
364,lizasoberano,Liza Soberano,17500000.0,philippines,410300.0,489400.0,beauty,cinema & actors/actresses
365,jadepicon,JADE ğŸŒª,20900000.0,brazil,187700.0,412900.0,modeling,fashion
366,wow_kimsohyun,á„€á…µá†·á„‰á…©á„’á…§á†«,12400000.0,indonesia,592100.0,681200.0,cinema & actors/actresses,modeling
367,todayis_wendy,Wendy,7100000.0,indonesia,992000.0,1200000.0,lifestyle,unknown
368,caradelevingne,Cara Delevingne,42800000.0,united states,137400.0,192700.0,modeling,cinema & actors/actresses
369,c.syresmith,Jaden Smith,19200000.0,united states,275400.0,426200.0,cinema & actors/actresses,lifestyle
370,darshanravaldz,Darshan Raval #BaarishonMein,15300000.0,india,438600.0,529900.0,unknown,unknown
371,eminem,Marshall Mathers,36500000.0,iran,171400.0,221200.0,cinema & actors/actresses,unknown
372,lildurk,DURKIOOO,14200000.0,united states,203200.0,573000.0,unknown,unknown
373,khabib_nurmagomedov,Ğ¥Ğ°Ğ±Ğ¸Ğ± ĞÑƒÑ€Ğ¼Ğ°Ğ³Ğ¾Ğ¼ĞµĞ´Ğ¾Ğ²,33600000.0,russia,168000.0,235800.0,fitness & gym,unknown
374,barackobama,Barack Obama,35400000.0,united states,191200.0,225100.0,finance & economics,business & careers
375,liltjay,TJAYYYY ğŸ–¤,7600000.0,united states,575800.0,1100000.0,lifestyle,unknown
376,9gag,9GAG: Go Fun The World,58100000.0,indonesia,105200.0,134600.0,humor & fun & happiness,unknown
377,fabriziorom,Fabrizio Romano,10700000.0,italy,418500.0,724500.0,literature & journalism,shows
378,ksi,KSI,12100000.0,united kingdom,459500.0,645300.0,unknown,unknown
379,nattinatasha,NATTI NATASHA,35900000.0,mexico,179200.0,215000.0,cinema & actors/actresses,unknown
380,andressasuita,Andressa Suita,15800000.0,brazil,296200.0,491300.0,modeling,unknown
381,_mariahwasa,HWASA,8300000.000000001,brazil,725700.0,936400.0,unknown,unknown
382,lestykejora,Lestikejora,25900000.0,indonesia,230300.0,298500.0,unknown,unknown
383,lilyachty,C.V T,10400000.0,united states,363100.0,740100.0,humor & fun & happiness,lifestyle
384,nba_youngboy,PAIN REAL.ğŸ©¸,10600000.0,united states,387500.0,749800.0,unknown,unknown
385,ssinz7,ë°•ì‹ í˜œ/Shin Hye Park,13800000.0,indonesia,449900.0,552800.0,cinema & actors/actresses,unknown
386,dntlrdl,CHOIWOOSHIK,6900000.0,indonesia,850600.0,1100000.0,lifestyle,unknown
387,wizkidayo,BIG WIZğŸ¦…,15200000.0,nigeria,264700.0,513900.0,unknown,unknown
388,alfinetei,Alfinetadas Dos Famosos ğŸ“Œ,21800000.0,brazil,155200.0,348800.0,humor & fun & happiness,unknown
389,gianlucavacchi,Gianluca Vacchi,22500000.0,brazil,216300.0,332700.0,lifestyle,unknown
390,yuu_taa_1026,YUTA æ‚ å¤ª,8500000.0,indonesia,684000.0,895700.0,unknown,unknown
391,kunaguero,Sergio Leonel AguÌˆero,23800000.0,argentina,181600.0,314100.0,sports with a ball,unknown
392,prillylatuconsina96,Prilly Latuconsina,49200000.0,indonesia,107800.0,151700.0,cinema & actors/actresses,unknown
393,kjapa,KJ Apa,18500000.0,united states,279800.0,399800.0,cinema & actors/actresses,unknown
394,weareone.exo,EXO Official,10000000.0,indonesia,602400.0,756400.0,unknown,unknown
395,alissaviolet,Alissa Violet,11700000.0,united states,387100.0,622800.0,modeling,unknown
396,shehnaazgill,Shehnaaz Gill,11800000.0,india,527600.0,657800.0,cinema & actors/actresses,unknown
397,clean_0828,á„€á…µá†·á„‰á…¦á„Œá…¥á†¼,8300000.000000001,indonesia,712400.0,888300.0,lifestyle,unknown
398,hshq,Harry Styles HQ,6600000.0,united states,638500.0,1100000.0,cinema & actors/actresses,fashion
399,deiveleonardo,Deive Leonardo,12100000.0,brazil,330300.0,608100.0,literature & journalism,trainers & coaches
400,markruffalo,Mark Ruffalo,20900000.0,brazil,276400.0,348100.0,cinema & actors/actresses,unknown
401,premierleague,Premier League,59200000.0,united kingdom,83700.0,121900.0,sports with a ball,unknown
402,txt_bighit,TOMORROW X TOGETHER OFFICIAL,12800000.0,indonesia,443900.0,560300.0,unknown,unknown
403,nickyjam,NICKY JAM,43400000.0,spain,120300.0,166400.0,unknown,unknown
404,lilnasx,MONTERO,12400000.0,united states,344600.0,576500.0,unknown,unknown
405,yasmine_sabri,Yasmine Sabri,19600000.0,egypt,262900.0,368800.0,cinema & actors/actresses,lifestyle
406,taina,TainaÌ Costa,16100000.000000002,brazil,212900.0,444800.0,unknown,unknown
407,anyataylorjoy,Anya Taylor-Joy,9100000.0,united states,554700.0,799500.0,modeling,cinema & actors/actresses
408,bellapoarch,Bella Poarch,14000000.0,united states,379300.0,512799.99999999994,lifestyle,unknown
409,frenkiedejong,Frenkie de Jong,10800000.0,spain,443800.0,667000.0,sports with a ball,unknown
410,abdevilliers17,AB de Villiers,18800000.0,india,328300.0,378800.0,sports with a ball,lifestyle
411,conangray,Conan Gray,6800000.0,brazil,713000.0,1100000.0,unknown,unknown
412,mariabecerra,Maria Becerra,10400000.0,argentina,289200.0,683000.0,unknown,unknown
413,annakendrick47,Anna Kendrick,22200000.0,united states,244300.0,319300.0,cinema & actors/actresses,unknown
414,jinyoung_0922jy,ë°•ì§„ì˜,9900000.0,indonesia,544800.0,720500.0,unknown,unknown
415,o.dembele7,Ousmane DembÃ©lÃ©,11500000.0,spain,358500.0,613200.0,sports with a ball,unknown
416,alwaysramcharan,Ram Charan,8300000.000000001,india,766500.0,858300.0,cinema & actors/actresses,unknown
417,krisjenner,Kris Jenner,49900000.0,united states,92100.0,140000.0,shows,beauty
418,larissamanoela,Larissa Manoela,46800000.0,brazil,90100.0,149600.0,cinema & actors/actresses,unknown
419,demetozdemir,Demet OÌˆzdemir,15400000.0,india,357800.0,456600.0,cinema & actors/actresses,unknown
420,melo,LaMelo Ball,9200000.0,united states,377500.0,767400.0,lifestyle,sports with a ball
421,dqsalmaan,Dulquer Salmaan,11100000.0,india,462400.0,625800.0,cinema & actors/actresses,unknown
422,kehlani,Kehlani,14200000.0,united states,314800.0,490500.0,family,unknown
423,_seorina,á„‰á…¥á†¯á„‹á…µá†«á„‹á…¡ sá´‡á´Ê€ÉªÉ´á´€,6600000.0,south korea,858300.0,1100000.0,lifestyle,cinema & actors/actresses
424,anupamaparameswaran96,Anupama Parameswaran,12500000.0,india,485000.0,554800.0,cinema & actors/actresses,unknown
425,marktuan,Mark Tuan,12900000.0,indonesia,423500.0,534400.0,cinema & actors/actresses,modeling
426,evcenf,Fahriye Evcen OÌˆzcÌ§ivit,13100000.0,turkey,418900.0,528800.0,lifestyle,beauty
427,yejinhand,ì†ì˜ˆì§„,7100000.0,indonesia,757900.0,986800.0,cinema & actors/actresses,unknown
428,barbieferreira,barbie ferreira,6300000.0,united states,609400.0,1100000.0,cinema & actors/actresses,unknown
429,mingue.k,ê¹€ë¯¼ê·œ,6100000.0,indonesia,926100.0,1100000.0,lifestyle,unknown
430,frenchmontana,French Montana,31000000.0,united states,134300.0,221200.0,unknown,unknown
431,sadiomaneofficiel,Sadio Mane,12100000.0,united kingdom,390400.0,556400.0,sports with a ball,unknown
432,shaymitchell,Shay Mitchell,34300000.0,united states,140100.0,196400.0,beauty,family
433,peytonlist,Peyton List,20200000.0,united states,221200.0,332500.0,cinema & actors/actresses,unknown
434,dixiedamelio,dixie,24800000.0,united states,184700.0,270700.0,clothing & outfits,unknown
435,alok,Alok,27800000.0,brazil,188800.0,241500.0,unknown,unknown
436,yaocabrera,Yao Cabrera,16500000.0,argentina,187400.0,406800.0,unknown,unknown
437,amandacerny,Amanda ğ•®ğ–Šğ–—ğ–“ğ–,23700000.0,india,175500.0,281400.0,humor & fun & happiness,unknown
438,parineetichopra,ğ™¿ğšŠğš›ğš’ğš—ğšğšğšğš’ ğ™²ğš‘ğš˜ğš™ğš›ğšŠ ğŸ«§,37700000.0,india,153500.0,177300.0,cinema & actors/actresses,unknown
439,gururandhawa,Guru Randhawa,32900000.0,india,166400.0,204500.0,unknown,unknown
440,chelseafc,Chelsea FC,35600000.0,indonesia,125000.0,186900.0,sports with a ball,unknown
441,layzhang,Lay Zhang,14200000.0,indonesia,446100.0,472500.0,unknown,unknown
442,maisa,#NAME?,44800000.0,brazil,108900.0,148400.0,unknown,unknown
443,wi__wi__wi,á„‹á…±á„’á…¡á„Œá…®á†« Wi Ha Jun,10000000.0,south korea,556900.0,670000.0,lifestyle,unknown
444,madhuridixitnene,Madhuri Dixit,32700000.000000004,india,173000.0,200400.0,cinema & actors/actresses,unknown
445,jakepaul,Jake Paul,20600000.0,united states,190400.0,320400.0,cinema & actors/actresses,unknown
446,mathildtantot,Mathilde,10100000.0,united states,424600.0,642600.0,lifestyle,modeling
447,for_everyoung10,ì¥ì›ì˜ WONYOUNG,5800000.0,indonesia,902900.0,1100000.0,lifestyle,unknown
448,leaelui,Lea Elui G,11400000.0,india,337500.0,567200.0,modeling,lifestyle
449,miguel.g.herran,Miguel HerraÌn,13800000.0,brazil,309500.0,465700.0,cinema & actors/actresses,unknown
450,iscoalarcon,Isco Alarcon Suarez,25400000.0,spain,175300.0,253700.0,sports with a ball,unknown
456,camilo,C A M I L O,27500000.0,argentina,146100.0,231800.0,unknown,unknown
457,leonardodicaprio,Leonardo DiCaprio,54700000.0,united states,94100.0,117500.0,cinema & actors/actresses,unknown
458,jennaortega,Jenna Ortega,8600000.0,united states,523200.00000000006,745300.0,cinema & actors/actresses,lifestyle
459,susana.dxoxo,Susane Damouni,13500000.0,india,299200.0,482400.0,unknown,unknown
460,teddysphotos,Ed Sheeran,40300000.0,united states,114200.0,155400.0,unknown,unknown
461,channingtatum,Channing Tatum,17000000.0,united states,254700.0,367100.0,cinema & actors/actresses,unknown
462,vanessahudgens,ğŸ”®Vanessa HudgensğŸ”®,47100000.0,united states,80400.0,132000.0,cinema & actors/actresses,unknown
463,antogriezmann,Antoine Griezmann,36600000.0,spain,105100.0,169400.0,sports with a ball,unknown
464,florencepugh,Florence Pugh,7900000.0,united states,523200.00000000006,800000.0,humor & fun & happiness,cinema & actors/actresses
465,jessnolimit,Jess No Limit,7300000.0,indonesia,716300.0,858200.0,shows,unknown
466,vinniehacker,â€ ,5900000.0,united states,506600.0,1100000.0,lifestyle,unknown
467,saweetie,saweetie,13100000.0,united states,201800.0,469200.0,cinema & actors/actresses,unknown
468,adidasfootball,adidas Football,31700000.0,brazil,141600.0,193100.0,sports with a ball,unknown
469,i_m_hendery,HiğŸ‘‰ğŸ»im HenderyğŸ‘ˆğŸ»,6400000.0,united states,755200.0,978800.0,unknown,unknown
470,loud_victor,Victor Augusto,10700000.0,brazil,449100.0,573900.0,lifestyle,sports with a ball
471,xuminghao_o,The8 ë””ì—ì‡,5400000.0,indonesia,908900.0,1100000.0,unknown,unknown
472,polo.capalot,Polo.GğŸ,10500000.0,united states,349300.0,574800.0,unknown,unknown
473,adamweitsman,Adam Weitsman,18300000.0,russia,242400.0,330800.0,business & careers,unknown
474,corinnakopf,corinna kopf,6800000.0,united states,586700.0,898100.0,beauty,unknown
475,romeosantos,Romeo Santos,19300000.0,united states,255500.0,316400.0,unknown,unknown
476,nianaguerrero,Niana,14200000.0,indonesia,335300.0,420700.0,kids & toys,unknown
477,lilpeep,lil peep,7600000.0,united states,475600.0,799900.0,unknown,unknown
478,juventus,Juventus,54800000.0,india,75500.0,110500.0,sports with a ball,unknown
479,vegetta777,â™ˆï¸ Samuel De Luque â™ˆï¸,6200000.0,mexico,715600.0,976100.0,unknown,unknown
480,davikah,davikah,17100000.0,thailand,269200.0,348700.0,modeling,unknown
481,vickykaushal09,Vicky Kaushal,14200000.0,india,357800.0,419900.0,lifestyle,cinema & actors/actresses
482,aliiiiiiiikarimi8,Ali Karimi,9800000.0,iran,415500.0,630700.0,sports with a ball,unknown
483,goar_avetisyan,Goar Avetisyan,11700000.0,russia,370000.0,512500.0,beauty,unknown
484,navidmohammadzadeh,navid mohammadzadeh,8600000.0,iran,495900.0,700100.0,cinema & actors/actresses,unknown
485,jokowi,Joko Widodo,48100000.0,indonesia,98800.0,124700.0,finance & economics,unknown
486,pablogavi,GAVI,5900000.0,spain,685100.0,1000000.0,sports with a ball,unknown
487,djxiao_888,XIAOJUN,7000000.0,indonesia,685000.0,856800.0,unknown,unknown
488,fuji_an,Fujianti Utami Putri,11800000.0,indonesia,208500.0,495900.0,lifestyle,unknown
489,easportsfifa,EA SPORTS FIFA,27200000.0,spain,127900.0,214500.0,sports with a ball,unknown
490,coldplay,Coldplay,17600000.0,brazil,237800.0,331200.0,unknown,unknown
491,cazzu,â™¡ ğ–“ğ–Šğ–“ğ–† á´›Ê€á´€á´á´˜á´€,10500000.0,argentina,430800.0,552100.0,unknown,unknown
492,joshu_acoustic,Joshua Hong,5000000.0,india,997200.0,1200000.0,unknown,unknown
493,kyo1122,Song hyekyo,13400000.0,indonesia,336700.0,428700.0,cinema & actors/actresses,unknown
494,tiffanyyoungofficial,tiffany young,12800000.0,indonesia,359600.0,449900.0,modeling,fashion
495,dababy,BILLION DOLLAR BABY ğŸ‘¶ğŸ¾,21300000.0,united states,166700.0,271100.0,unknown,unknown
496,yangyang_x2,YangYang á„‹á…£á†¼á„‹á…£á†¼,6400000.0,indonesia,714500.0,907200.0,unknown,unknown
497,jailyneojeda,Jailyne Ojeda Ochoa,14100000.0,united states,293300.0,405700.0,modeling,lifestyle
498,obj,Odell Beckham Jr,16399999.999999998,united states,182600.0,347600.0,sports with a ball,unknown
499,bernardokath,Kathryn Bernardo ğŸ˜,17400000.0,philippines,270700.0,326200.0,beauty,cinema & actors/actresses
500,simonemendes,Simone Mendes,35500000.0,brazil,128000.0,161500.0,unknown,unknown
501,gisele,Gisele BuÌˆndchen,19700000.0,brazil,194800.0,289500.0,modeling,fashion
502,ana_d_armas,A N A   D E   A R M A S,7900000.0,united states,533300.0,721400.0,cinema & actors/actresses,unknown
503,nazriyafahadh,Nazriya Nazim Fahadh,6400000.0,india,666100.0,892300.0,lifestyle,cinema & actors/actresses
504,rachel_mypark,á„‡á…¡á†¨á„†á…µá†«á„‹á…§á†¼ Minyoung Park,10300000.0,indonesia,433500.0,540000.0,cinema & actors/actresses,unknown
505,phil.coutinho,Philippe Coutinho,24900000.0,brazil,136700.0,222100.0,sports with a ball,unknown
506,nicholasgalitzine,Nicholas Galitzine,4099999.9999999995,brazil,817700.0,1400000.0,cinema & actors/actresses,unknown
507,sound_of_coups,COUPS,4500000.0,indonesia,986300.0,1300000.0,unknown,unknown
508,cocielo,JuÌlio Cocielo Estaniecki,19200000.0,brazil,182400.0,285600.0,cinema & actors/actresses,unknown
509,julesleblanc,julianna,9800000.0,united states,392300.0,567700.0,shows,unknown
510,anjimaxuofficially,Anjali Arora,11900000.0,india,363200.0,464800.0,lifestyle,cinema & actors/actresses
511,kit.connor,Kit Connor,4500000.0,united states,734800.0,1200000.0,cinema & actors/actresses,humor & fun & happiness
512,jackharlow,jackharlow,6900000.0,united states,425900.0,795100.0,lifestyle,humor & fun & happiness
513,euphoria,euphoria,7800000.0,united states,434300.0,700800.0,photography,cinema & actors/actresses
514,lucasranngel,LUCAS RANGEL,20100000.0,brazil,121400.0,268800.0,lifestyle,unknown
515,briandadeyanara,BRIANDA ğŸ’–,13500000.0,mexico,337500.0,396300.0,lifestyle,unknown
516,daquan,Daquan,16700000.0,united states,207300.0,319700.0,humor & fun & happiness,unknown
517,sommerray,Sommer Ray,26300000.0,united states,129500.0,203200.0,modeling,unknown
518,theshilpashetty,Shilpa Shetty Kundra,26500000.0,india,173500.0,201600.0,cinema & actors/actresses,unknown
519,charlieputh,Charlie Puth,16700000.0,united states,222800.0,316700.0,unknown,unknown
520,golfarahani,Golshifteh Farahani,13700000.0,iran,301700.0,388900.0,cinema & actors/actresses,unknown
521,choquei,CHOQUEI,17500000.0,brazil,97100.0,301600.0,literature & journalism,unknown
522,kingbach,King Bach,23100000.0,united states,113300.0,227200.0,cinema & actors/actresses,modeling
523,dra.deolanebezerra,Deolane Bezerra âš–ï¸,15000000.0,brazil,163600.0,351300.0,beauty,lifestyle
524,lexibrookerivera,Lexi Rivera,8500000.0,united states,512000.0,640500.0,shows,humor & fun & happiness
525,yooncy1,ìœ¤ì°¬ì˜ Yoon chanyoung,4900000.0,south korea,904700.0,1100000.0,lifestyle,unknown
526,k.kbeom,á„€á…µá†·á„‡á…¥á†· kimbum,5400000.0,indonesia,798400.0,977100.0,unknown,unknown
527,angelinajolie,Angelina Jolie,13600000.0,brazil,232400.0,384900.0,unknown,unknown
528,liamhemsworth,Liam Hemsworth,13000000.0,united states,280900.0,398900.0,cinema & actors/actresses,unknown
529,klaythompson,Klay Thompson,13400000.0,united states,267500.0,388800.0,sports with a ball,lifestyle
530,caviarmagnat,Anton Tregubov,15100000.0,russia,239300.0,345900.0,lifestyle,unknown
531,melissamelmaia,MEL MAIA ğŸ¯,13500000.0,brazil,211400.0,383000.0,unknown,unknown
532,soohyun_k216,á„€á…µá†·á„‰á…®á„’á…§á†« Kim Soo Hyun é‡‘ç§€è³¢,13900000.0,indonesia,304800.0,371000.0,unknown,unknown
533,yerimiese,Yeri,10700000.0,indonesia,386700.0,478900.0,lifestyle,unknown
534,superstar_dewasi99,SUPERSTARDEWASI 99,13500000.0,india,241700.0,381800.0,cinema & actors/actresses,unknown
535,d_degeaofficial,David De Gea,13800000.0,united kingdom,264200.0,373900.0,sports with a ball,unknown
536,urstrulymahesh,Mahesh Babu,8800000.0,india,534100.0,588000.0,cinema & actors/actresses,unknown
537,angeldimariajm,AÌngel Di MariÌa,18500000.0,argentina,186700.0,275200.0,sports with a ball,unknown
538,fuckjerry,FUCKJERRY,16800000.0,united states,236600.0,306000.0,humor & fun & happiness,unknown
539,__youngbae__,TAEYANG,13600000.0,indonesia,331000.0,373900.0,unknown,unknown
540,d_a___m_i,KIM DA MI,4600000.0,indonesia,900000.0,1100000.0,unknown,unknown
541,salmahayek,Salma Hayek Pinault,21600000.0,united states,189100.0,233800.0,cinema & actors/actresses,unknown
542,lakers,Los Angeles Lakers,20200000.0,united states,161700.0,247900.0,sports with a ball,unknown
543,actorsuriya,Suriya Sivakumar,5400000.0,india,733800.0,952300.0,cinema & actors/actresses,unknown
544,yugyeom,KYUM,11500000.0,brazil,364600.0,437400.0,cinema & actors/actresses,unknown
545,dindahw,Dinda Hauw,14600000.0,indonesia,228700.0,342400.0,cinema & actors/actresses,unknown
546,dylansprouse,Dylan Sprouse,9100000.0,united states,352500.0,553400.0,cinema & actors/actresses,unknown
547,sav.labrant,Savannah Rose LaBrant,7100000.0,united states,518799.99999999994,693900.0,family,lifestyle
548,riteishd,Riteish Deshmukh,15300000.0,india,272700.0,318600.0,cinema & actors/actresses,unknown
549,ozuna,@ozutochi ğŸ”œ,22500000.0,spain,160700.0,215600.0,unknown,unknown
550,xsqueezie,xsqueezie,7900000.0,france,526400.0,615600.0,lifestyle,unknown
551,emiliamernes,Emilia Mernes,6200000.0,argentina,415000.0,781000.0,unknown,unknown
552,nehasharmaofficial,Neha Sharma ğŸ’«,14800000.0,india,280700.0,322500.0,cinema & actors/actresses,unknown
554,srinidhi_shetty,Srinidhi Shetty ğŸŒ¸,4400000.0,india,818600.0,1100000.0,beauty,cinema & actors/actresses
555,shreyaghoshal,shreyaghoshal,24800000.0,india,171200.0,191200.0,unknown,unknown
556,memezar,MEMEZAR â€¢ Comedy and Culture,23000000.0,united states,137200.0,204500.0,cinema & actors/actresses,unknown
557,chloegmoretz,ChloÃ« Grace Moretz,21500000.0,united states,163200.0,218300.0,cinema & actors/actresses,unknown
558,warriors,Golden State Warriors,25500000.0,united states,132000.0,183000.0,lifestyle,sports with a ball
559,gusttavolima,ğŸ› Gusttavo Lima ğŸ›,44000000.0,brazil,64700.0,107200.0,unknown,unknown
560,kun11xd,KUN,6900000.0,indonesia,552500.0,689600.0,lifestyle,unknown
561,lukehemmings,Luke Hemmings,7900000.0,united states,351700.0,599700.0,unknown,unknown
562,juansguarnizo,Juan SebastiÃ¡n Guarnizo,6300000.0,mexico,683700.0,748700.0,lifestyle,unknown
563,amauryguichon,Amaury Guichon,9500000.0,united states,404000.0,492300.0,food & cooking,unknown
564,phoebejtonkin,Phoebe Tonkin,8400000.0,united states,388300.0,554100.0,beauty,cinema & actors/actresses
565,nita_shilimkar,Nita Shilimkar,11500000.0,india,301800.0,398600.0,lifestyle,fashion
566,gessicakayane,GKAY,20000000.0,brazil,111700.0,231200.0,shows,humor & fun & happiness
567,nessabarrett,ness,7300000.0,united states,470700.0,637900.0,lifestyle,unknown
568,liverpoolfc,Liverpool Football Club,40300000.0,united kingdom,81000.0,113100.0,sports with a ball,unknown
569,dew_jsu,2000,6300000.0,indonesia,544500.0,732300.0,beauty,lifestyle
570,itsmarziapie,Marzia Kjellberg,8300000.000000001,united states,450100.0,549900.0,beauty,lifestyle
571,lizakoshy,Liza Koshy,20200000.0,united states,167000.0,222400.0,cinema & actors/actresses,unknown
572,hztttao,Z.TAOğŸ”´é»„å­éŸ¬,11300000.0,indonesia,357900.0,398300.0,unknown,unknown
573,pozevidalouca,Poze Do Rodo ğŸ¤‘,8199999.999999999,brazil,223100.0,560800.0,lifestyle,unknown
574,icc,ICC,24100000.0,india,153900.0,184600.0,sports with a ball,unknown
575,sushitrash,JOJI,6500000.0,united states,570600.0,698100.0,unknown,unknown
576,hugogloss,Hugo Gloss,20300000.0,brazil,110900.0,218700.0,literature & journalism,humor & fun & happiness
577,donya,Donya,15300000.0,iran,194200.0,308600.0,lifestyle,unknown
578,lilyrose_depp,Lily-Rose Depp,6700000.0,united states,421700.0,662800.0,modeling,unknown
579,sportscenter,SportsCenter,31800000.0,united states,76600.0,137300.0,sports with a ball,shows
580,leejen_o_423,LEE JENO,2200000.0,united states,0.0,2300000.0,unknown,unknown
581,asabopp,Asa Butterfield,5700000.0,brazil,521700.00000000006,762700.0,cinema & actors/actresses,unknown
582,naileadevora,nai,5300000.0,united states,560600.0,828500.0,lifestyle,unknown
583,actorprabhas,Prabhas,8800000.0,india,443300.0,496300.0,shows,cinema & actors/actresses
584,amitabhbachchan,Amitabh Bachchan,31100000.0,india,119600.0,138300.0,cinema & actors/actresses,unknown
585,missasinfonia,MissaSinfonia,5800000.0,mexico,667400.0,747700.0,cinema & actors/actresses,unknown
586,sandrinna_11,Drinna ğŸ–¤,10700000.0,indonesia,311100.0,396800.0,lifestyle,unknown
587,theellenshow,Ellen DeGeneres,125100000.0,united states,28400.0,34200.0,shows,cinema & actors/actresses
588,jeonghaniyoo_n,ìœ¤ì •í•œ,3600000.0,iran,935400.0,1200000.0,lifestyle,unknown
589,memphisdepay,Memphis Depay,15400000.0,france,155700.0,277200.0,sports with a ball,unknown
590,aishwaryaraibachchan_arb,AishwaryaRaiBachchan,10400000.0,india,318200.0,406600.0,cinema & actors/actresses,unknown
591,otabek_muhammadalievich,Otabek Umarov,20000000.0,russia,157400.0,211900.0,unknown,unknown
592,pedri,Pedri GonzÃ¡lez,7100000.0,spain,0.0,598500.0,sports with a ball,unknown
593,reesewitherspoon,Reese Witherspoon,28300000.0,united states,124400.0,149200.0,cinema & actors/actresses,unknown
594,marcusrashford,Marcus Rashford MBE,12800000.0,united kingdom,206600.0,326900.0,sports with a ball,unknown
595,matue,matue,8100000.0,brazil,288800.0,530600.0,lifestyle,sports with a ball
596,alexadellanos,Alexa Dellanos,9800000.0,united states,276500.0,432600.0,lifestyle,unknown
597,faz3,Fazza,14700000.0,united arab emirates,221100.0,289900.0,lifestyle,unknown
598,ronaldo,Ronaldo,23500000.0,brazil,103400.0,178300.0,sports with a ball,unknown
599,araikgalstyanmoscowschool,ï¼¡ï¼²ï¼¡ï¼©ï¼«  ï¼§ï¼¡ï¼¬ï¼³ï¼´ï¼¹ï¼¡ï¼®Â®ï¸,16300000.0,turkey,197600.0,255700.0,beauty,unknown
600,l7nnon,L7,8800000.0,brazil,200900.0,477200.0,lifestyle,unknown
602,avrillavigne,Avril Lavigne,11700000.0,brazil,284500.0,354200.0,cinema & actors/actresses,fashion
603,karelyruiz,Karely Ruiz,7000000.0,mexico,472400.0,593000.0,lifestyle,unknown
604,rizkybillar,Muhammad Rizky Billar,12900000.0,indonesia,248500.0,321000.0,shows,beauty
605,victoriajustice,Victoria Justice,22900000.0,united states,131100.0,179400.0,cinema & actors/actresses,modeling
606,vousmevoyez,KRYSTAL,10400000.0,indonesia,304700.0,395200.0,cinema & actors/actresses,unknown
607,zoeisabellakravitz,ZoeÌˆ Kravitz,8400000.0,united states,323300.0,490400.0,cinema & actors/actresses,unknown
608,egupta,Esha Gupta,11600000.0,india,280600.0,351300.0,lifestyle,cinema & actors/actresses
609,catherinemcbroom,Catherine Paiz,7300000.0,united states,329500.0,565900.0,family,unknown
610,malutrevejo,MaluÌ ğŸ¦‹ 222ğŸ¤,11500000.0,united states,197200.0,353800.0,unknown,unknown
611,elmarianaa,El Mariana,4500000.0,mexico,809500.0,919400.0,unknown,unknown
612,avengers,Avengers,13600000.0,india,238800.0,299100.0,cinema & actors/actresses,unknown
613,skaijackson,S K A I,8000000.0,united states,290500.0,512700.00000000006,lifestyle,unknown
614,iam_linyi,æˆ‘æ˜¯æ—ä¸€åŒå­¦,4000000.0,indonesia,781000.0,1000000.0,unknown,unknown
615,yihyun_1208,á„Œá…©á„‹á…µá„’á…§á†« cho yihyun,5200000.0,south korea,618900.0,783400.0,lifestyle,unknown
616,nickjonas,Nick Jonas,33100000.0,united states,86100.0,122500.0,unknown,unknown
617,everyone_woo,Wonwoo,3400000.0,indonesia,935500.0,1200000.0,unknown,unknown
618,aleoliveiracm,AleÌ‚ Oliveira,8500000.0,brazil,198000.0,507900.0,humor & fun & happiness,unknown
619,nikkietutorials,NikkieTutorials,16500000.0,united states,178000.0,242200.0,beauty,unknown
620,centralcee,ğŸ“²,4400000.0,united kingdom,373400.0,914700.0,lifestyle,unknown
621,andreavaldirisos,ANDREA VALDIRI ğŸ‡¨ğŸ‡´,8700000.0,colombia,326900.0,465000.0,lifestyle,beauty
622,pledis_boos,ìŠ¹ê´€ SEUNGKWAN,4500000.0,indonesia,732300.0,888400.0,unknown,unknown
623,jenna_chew,JENNA å‘¨ç”„å¨œ,7900000.0,united states,414700.0,506200.0,fitness & gym,unknown
624,simaria,Simaria Mendes,28300000.0,brazil,96500.0,140400.0,unknown,unknown
625,romanreigns,Joe Anoai aka â€œRoman Reignsâ€,6600000.0,india,471800.0,612400.0,lifestyle,unknown
626,netflixbrasil,Netflix Brasil,32600000.0,brazil,70700.0,120800.0,shows,cinema & actors/actresses
627,piawurtzbach,Pia Wurtzbach,13800000.0,philippines,234500.0,282800.0,beauty,modeling
628,soueunavida,Sou Eu Na Vida,18100000.0,brazil,114500.0,218500.0,humor & fun & happiness,unknown
629,kenzie,kenzie â™¡,14800000.0,united states,171200.0,260500.0,unknown,unknown
630,ozgecangurelofficial,OÌˆzge GuÌˆrel,5800000.0,turkey,553200.0,679900.0,cinema & actors/actresses,unknown
631,adinross,adinross,3600000.0,united states,607600.0,1200000.0,unknown,unknown
632,realcoleworld,Cole World,7700000.0,united states,266400.0,506400.0,unknown,unknown
633,mancity,Manchester City,34300000.0,united kingdom,83000.0,112100.0,sports with a ball,unknown
634,perspolis,Persepolis,8300000.000000001,iran,335200.0,476400.0,sports with a ball,unknown
635,lacasadepapel,La Casa de Papel,12600000.0,brazil,202500.0,304400.0,cinema & actors/actresses,shows
636,cvillaloboss,CARMEN VILLALOBOS,20500000.0,colombia,151400.0,186700.0,shows,cinema & actors/actresses
637,jeromepolin,Jerome Polin Sijabat ã‚·ã‚™ã‚§ãƒ­ãƒ¼ãƒ ,7000000.0,indonesia,379000.0,555500.0,education,humor & fun & happiness
638,sarahhyland,Sarah Hyland,9900000.0,united states,310100.0,387700.0,cinema & actors/actresses,lifestyle
639,dejesusoficial,Gabriel Jesus,18400000.0,brazil,132400.0,205000.0,sports with a ball,unknown
640,aliandooo,Aliando Syarief,17100000.0,indonesia,144100.0,229900.0,cinema & actors/actresses,unknown
641,aslisona,Sonakshi Sinha,23300000.0,india,134400.0,162600.0,cinema & actors/actresses,lifestyle
642,playstation,PlayStation,28900000.0,united states,107300.0,131400.0,computers & gadgets,unknown
643,drewstarkey,Drew Starkey,3100000.0,united states,622400.0,1200000.0,cinema & actors/actresses,unknown
644,youngdae0302,á„€á…µá†·á„‹á…§á†¼á„ƒá…¢,4500000.0,indonesia,636200.0,839800.0,unknown,unknown
645,sanchooo10,Jadon Sancho,8900000.0,united kingdom,244600.0,427700.0,sports with a ball,unknown
646,lamborghini,Lamborghini,32200000.000000004,india,83800.0,115600.0,luxury,cars & motorbikes
647,geewonii,ê¹€ì§€ì›,7700000.0,indonesia,369800.0,486800.0,unknown,unknown
648,taylor_hill,Taylor Hill,20500000.0,united states,121000.0,180500.0,fashion,modeling
649,sooyoungchoi,Sooyoung Choi,7400000.0,indonesia,421300.0,508500.0,beauty,lifestyle
650,natashawilona12,Natasha Wilona,39400000.0,indonesia,78500.0,93700.0,beauty,unknown
651,chrissyteigen,chrissy teigen,39100000.0,united states,72000.0,94000.0,shows,modeling
652,francinyehlke,Franciny Ehlke,15600000.0,brazil,107900.0,235900.0,beauty,unknown
653,dacremontgomery,Dacre Montgomery,8800000.0,united states,314200.0,419900.0,cinema & actors/actresses,unknown
654,lizzobeeating,Lizzo,12900000.0,united states,204100.0,286000.0,lifestyle,cinema & actors/actresses
655,dylanminnette,Dylan Minnette,7300000.0,united states,312100.0,507400.0,cinema & actors/actresses,unknown
658,39saku_chan,Sakura Miyawaki,4300000.0,indonesia,708000.0,873100.0,lifestyle,cinema & actors/actresses
659,rogerfederer,Roger Federer,9800000.0,spain,294300.0,380800.0,sports with a ball,unknown
660,geneliad,Genelia Deshmukh,10400000.0,india,282600.0,350000.0,cinema & actors/actresses,unknown
661,dbook,Devin,5400000.0,united states,349400.0,687000.0,lifestyle,sports with a ball
662,theslumpgod,Stokeley,5400000.0,united states,398500.0,693500.0,unknown,unknown
663,paulwalker,Paul Walker,15100000.0,india,175900.0,241100.0,cinema & actors/actresses,unknown
664,iampauloandre,Paulo AndreÌ ğŸ,9900000.0,brazil,135400.0,381200.0,photography,lifestyle
665,parishilton,Paris Hilton,20200000.0,united states,109300.0,180600.0,modeling,unknown
666,maudyayunda,Maudy Ayunda,17200000.0,indonesia,143200.0,211100.0,unknown,unknown
667,blonded,Frank,3700000.0,united states,529900.0,990100.0,unknown,unknown
668,djsnake,djsnake,9700000.0,india,318500.0,378200.0,unknown,unknown
669,achrafhakimi,Achraf Hakimi,10100000.0,morocco,244300.0,359000.0,sports with a ball,unknown
670,bleacherreport,Bleacher Report,19600000.0,united states,94300.0,186100.0,sports with a ball,unknown
671,offsetyrn,OFFSET,19900000.0,united states,102600.0,183900.0,unknown,unknown
672,narins_beauty,â€¢â€¢Narins Beautyâ€¢â€¢,9300000.0,syria,329800.0,405200.0,lifestyle,unknown
673,kyrieirving,HÃ©lÃ ,17200000.0,united states,140200.0,212100.0,sports with a ball,unknown
674,myketowers,MICHAEL,9500000.0,spain,216000.0,389600.0,unknown,unknown
675,burcuozberk,Burcu Ã–zberk,9300000.0,turkey,305400.0,395500.0,cinema & actors/actresses,unknown
676,chrismcg,Christopher McGinnis,11100000.0,united states,147200.0,324000.0,unknown,unknown
677,indiancricketteam,Team India,25600000.0,india,119900.0,139900.0,sports with a ball,unknown
678,oprah,Oprah,21500000.0,united states,143700.0,169800.0,cinema & actors/actresses,shows
679,machinegunkelly,the Blonde Don,9700000.0,united states,233400.0,375200.0,unknown,unknown
680,elliotpage,elliotpage,6200000.0,united states,405100.0,583100.0,cinema & actors/actresses,unknown
681,raashiikhanna,Raashii Khanna,8600000.0,india,350600.0,417900.0,cinema & actors/actresses,unknown
682,beautifuldestinations,BEAUTIFUL DESTINATIONS,24700000.0,united states,107600.0,144300.0,photography,travel
683,madisonbaileybabe,Maddie Baby,6700000.0,united states,288900.0,541000.0,lifestyle,cinema & actors/actresses
684,rishabpant,Rishabh Pant,6900000.0,india,439700.0,522299.99999999994,lifestyle,sports with a ball
685,ho5hi_kwon,HOSHI,3600000.0,indonesia,765200.0,995200.0,lifestyle,unknown
686,bigsean,BIGSEAN,15400000.0,united states,125400.0,228800.0,unknown,unknown
687,brfootball,Bleacher Report Football,12600000.0,united states,172100.0,278100.0,sports with a ball,unknown
688,kingryan,Ryan Garcia,9000000.0,united states,261399.99999999997,394800.0,fitness & gym,unknown
689,andresiniesta8,Andres Iniesta,40200000.0,spain,60000.0,87000.0,sports with a ball,unknown
690,alvxaro,ALVARO,9900000.0,brazil,144600.0,362400.0,lifestyle,unknown
691,willevy,William  Levy / Actor Producer,10900000.0,brazil,242100.0,326100.0,shows,cinema & actors/actresses
692,pokimanelol,pokimane ğŸ¤,6200000.0,united states,436700.0,575300.0,lifestyle,shows
693,jamorant,12 ğŸ¥·ğŸ½ğŸ–¤,7700000.0,united states,284600.0,459900.0,winter sports,sports with a ball
694,amadorat,N I C O L E   A M A D O ğŸ‰,8300000.000000001,mexico,378800.0,423300.0,fashion,lifestyle
695,smriti_mandhana,Smriti Mandhana,6500000.0,india,472100.0,547000.0,sports with a ball,unknown
696,marinaruybarbosa,Marina Ruy Barbosa,40900000.0,brazil,56300.0,85900.0,cinema & actors/actresses,unknown
697,alishalehmann7,Alisha Lehmann,8199999.999999999,brazil,227800.0,430100.0,sports with a ball,unknown
698,bhadbhabie,Bhabie,16399999.999999998,united states,112400.0,210900.0,unknown,unknown
699,dear.zia,ğ‘“ğ‘Ÿğ‘’ğ‘’ğ‘§ğ‘–ğ‘ .ğŸŒ¼,3700000.0,south korea,839700.0,944500.0,unknown,unknown
700,haifawehbe,Haifa Wehbe,10500000.0,iraq,226600.0,331800.0,unknown,unknown
701,dkharbour,David Harbour,9700000.0,united states,274500.0,359700.0,cinema & actors/actresses,unknown
702,eilirjani,Elton ILIRJANI,10400000.0,albania,229100.0,330800.0,adult content,unknown
703,agnezmo,AGNEZ MO,29000000.0,indonesia,71300.0,118400.0,unknown,unknown
704,staceysolomon,Stacey Solomon,5400000.0,united kingdom,536200.0,645900.0,family,unknown
705,supercarblondie,Alex - that girl with the Cars,10800000.0,india,200100.0,317100.0,cars & motorbikes,unknown
706,arishfakhan138,Sayyed Arishfa Khan ğŸ’,29400000.0,india,96600.0,117300.0,cinema & actors/actresses,unknown
707,sebastianyatra,Sebastian Yatra,29800000.0,argentina,82300.0,114900.0,unknown,unknown
708,yg_treasure_official,TREASURE (íŠ¸ë ˆì €),5600000.0,indonesia,483400.0,618500.0,unknown,unknown
709,karljacobs,Karl Jacobs,4300000.0,united states,618400.0,805400.0,unknown,unknown
710,rezagolzar,Mohammad Reza Golzar,12300000.0,iran,197200.0,288000.0,cinema & actors/actresses,unknown
711,saharghoreyshiofficialpage,Ø³Ø­Ø± Ù‚Ø±ÙŠØ´Ù‰ Sahar Ghoreyshi,11500000.0,iran,203900.0,297900.0,unknown,unknown
712,f1,FORMULA 1Â®,20700000.0,italy,129300.00000000001,163500.0,racing sports,unknown
713,wos.ds3,ValentiÌn Oliva,6600000.0,argentina,341400.0,522400.0,unknown,unknown
714,dk_is_dokyeom,ë„ê²¸,3500000.0,iran,825400.0,994200.0,lifestyle,unknown
715,sonambajwa,Sonam Bajwa,8199999.999999999,india,330200.0,422000.0,cinema & actors/actresses,unknown
716,demirose,Demi ğŸŒ¹,19900000.0,united states,130699.99999999999,170400.0,modeling,lifestyle
717,21savage,21savage,13600000.0,united states,140200.0,246400.0,unknown,unknown
718,apple,apple,28100000.0,india,88200.0,118800.0,computers & gadgets,photography
719,jxxvvxxk,á„‹á…µá„Œá…¢á„‹á…®á†¨,3900000.0,indonesia,694300.0,872800.0,unknown,unknown
720,umutisler,Umut Ä°ÅŸler,11000000.0,india,188000.0,302200.0,food & cooking,unknown
721,grantgust,Grant Gustin,7800000.0,brazil,305400.0,432700.0,cinema & actors/actresses,fashion
722,huddy,Chase Hudson,11600000.0,united states,206800.0,285000.0,lifestyle,unknown
723,vernonline,Vernon ë²„ë…¼,4600000.0,japan,543600.0,719100.0,unknown,unknown
724,hichasestokes,hichasestokes,7400000.0,united states,301700.0,452000.0,humor & fun & happiness,lifestyle
725,netflix,Netflix US,31200000.0,brazil,64099.99999999999,105200.0,cinema & actors/actresses,shows
726,kittychicha,ğŸ–¤KITTY CHICHAğŸ±,4300000.0,philippines,635900.0,771100.0,unknown,unknown
727,ederbez,Eugenio Derbez,18600000.0,mexico,156300.0,175600.0,cinema & actors/actresses,lifestyle
728,amybethmcnulty,Amybeth,7800000.0,brazil,307900.0,423000.0,lifestyle,cinema & actors/actresses
729,viihtube,Viih Tube,23600000.0,brazil,73200.0,138200.0,cinema & actors/actresses,unknown
730,juki_lop,JukiLop,9400000.0,mexico,300000.0,349100.0,shows,family
731,espn,ESPN,23700000.0,united states,75400.0,137000.0,sports with a ball,unknown
732,simonettalein,Simonetta Lein,12400000.0,india,188800.0,260100.00000000003,beauty,cinema & actors/actresses
733,yasminabdelaziz_,Yasmin Abdelaziz,16200000.0,egypt,169800.0,200900.0,cinema & actors/actresses,unknown
734,miamalkova,Mia Malkova,11100000.0,india,215300.0,291600.0,cinema & actors/actresses,unknown
735,adrianalima,Adriana Lima,14900000.0,united states,146400.0,215400.0,modeling,fashion
736,shivangijoshi18,à¤¶à¤¿à¤µà¤¾à¤‚à¤—à¥€ à¤œà¥‹à¤¶à¥€,7400000.0,india,365100.0,439500.0,lifestyle,unknown
737,davidluiz23,David Luiz,22200000.0,brazil,65800.0,144600.0,sports with a ball,unknown
738,saipallavi.senthamarai,Sai Pallavi,6100000.0,india,462700.0,530800.0,cinema & actors/actresses,unknown
739,sonamkapoor,Sonam Kapoor Ahuja,33500000.0,india,80600.0,95300.0,fashion,modeling
740,adamsandler,Adam Sandler,13600000.0,united states,184700.0,235500.0,cinema & actors/actresses,unknown
741,noorstars,Ù†ÙˆØ± Ø³ØªØ§Ø±Ø² | Noor Stars,13300000.0,iraq,180700.0,242100.0,shows,unknown
742,jennifer.garner,Jennifer Garner,13600000.0,united states,206400.0,233800.0,cinema & actors/actresses,unknown
743,troyesivan,troye sivan,13400000.0,united states,164100.0,235700.0,fashion,modeling
744,jaybnow.hr,LIM JAE BEOM,6900000.0,united states,353600.0,464000.0,unknown,unknown
745,litkillah,MAWZğŸ’¬,8100000.0,argentina,298200.0,393000.0,unknown,unknown
746,schwarzenegger,Arnold Schwarzenegger,22600000.0,united states,118900.0,139800.0,cinema & actors/actresses,fitness & gym
747,wayvofficial,WayV,7500000.0,indonesia,358900.0,427400.0,unknown,unknown
748,giannis_an34,Giannis Ugo Antetokounmpo,13300000.0,united states,147900.0,233900.0,sports with a ball,unknown
749,dagelan,Dagelan,21000000.0,indonesia,89000.0,151000.0,humor & fun & happiness,unknown
750,_abu_saalim_,ABU SAALIM,3000000.0,india,446500.0,1100000.0,photography,cinema & actors/actresses
751,pooorblack,Pooorblack,4900000.0,iran,503500.0,652100.0,unknown,unknown
752,trentarnold66,Trent Alexander-Arnold,7800000.0,united kingdom,275400.0,403300.0,lifestyle,sports with a ball
753,earthpix,ğŸŒ  EarthPix  ğŸŒ,23200000.0,united states,102800.0,133300.0,nature & landscapes,photography
754,maneskinofficial,MaÌŠneskin,6200000.0,italy,356300.0,502800.0,modeling,cinema & actors/actresses
755,nodal,Christian Nodal ğŸ‡²ğŸ‡½ ğŸŒµğŸ’š,9400000.0,mexico,229100.0,336800.0,unknown,unknown
756,ivan_buhaje,spreen,3100000.0,argentina,825800.0,1000000.0,unknown,unknown
757,joshuadun,jÃ¸sh dun,6200000.0,united states,415700.0,507800.0,unknown,unknown
758,juliopfernandez,J U L I O   P E Ã‘ A   F. D E Z,3400000.0,brazil,714900.0,909300.0,unknown,unknown
759,sonu_sood,Sonu Sood,17400000.0,india,154700.0,177000.0,cinema & actors/actresses,unknown
760,voguemagazine,Vogue,40300000.0,united states,50500.0,76100.0,literature & journalism,fashion
761,valentinazenere,Valentina Zenere,10100000.0,brazil,248400.0,302500.0,modeling,lifestyle
762,shikhardofficial,Shikhar Dhawan,11400000.0,india,234500.0,268300.0,sports with a ball,unknown
763,nancyajram,Nancy Ajram,33299999.999999996,iraq,72500.0,92700.0,unknown,unknown
764,mclomaofficial,Paloma Santos ğŸŸ,8300000.000000001,brazil,218900.0,375200.0,unknown,unknown
765,rodwave,RodWave,5600000.0,united states,254600.0,566100.0,unknown,unknown
766,yamigautam,Yami Gautam Dhar,16399999.999999998,india,160200.0,186000.0,cinema & actors/actresses,unknown
767,madonna,Madonna,18500000.0,italy,112600.0,168100.0,unknown,unknown
768,fcbayern,FC Bayern,34000000.0,germany,61100.0,89600.0,sports with a ball,unknown
769,lacikaysomers,Laci Kay Somers,12200000.0,united states,148500.0,254100.0,modeling,unknown
770,sincerooficial,Sincero Oficial,21700000.0,brazil,72400.0,140000.0,humor & fun & happiness,unknown
771,ewsbdi,ë¡œìš´,4700000.0,indonesia,439600.0,657100.0,unknown,unknown
772,nikefootball,Nike Football (Soccer),45400000.0,brazil,42800.0,66100.0,sports with a ball,clothing & outfits
773,candiceking,Candice King,10000000.0,brazil,214100.0,298400.0,family,lifestyle
774,beberexha,Bebe Rexha,10700000.0,india,189300.0,279900.0,lifestyle,unknown
775,rockstargames,Rockstar Games,23300000.0,united states,104500.0,129600.0,cars & motorbikes,unknown
776,onwardwanna,"Javon ""Wanna"" Walton",6000000.0,united states,301800.0,503800.0,lifestyle,cinema & actors/actresses
777,diljitdosanjh,DILJIT DOSANJH,14000000.0,india,176800.0,213000.0,cinema & actors/actresses,unknown
778,emmaroberts,Emma Roberts,18300000.0,united states,110000.0,162400.0,cinema & actors/actresses,unknown
779,filiperet,RetchÃª,7700000.0,brazil,153900.0,392800.0,lifestyle,photography
780,vanessalopesr_,Vanessa Lopes,12300000.0,brazil,73700.0,240200.0,lifestyle,unknown
781,harshasai_,Harsha sai,2700000.0,india,958900.0,1100000.0,shows,unknown
782,ahmedabohashima,Ahmed Abouhashima,17300000.0,egypt,125900.0,170000.0,business & careers,finance & economics
783,ncentineo,Noah,16500000.0,brazil,106800.0,177600.0,cinema & actors/actresses,unknown
784,galatasaray,Galatasaray,11600000.0,turkey,209400.0,253500.0,sports with a ball,unknown
785,yefersoncossio,Yef,9800000.0,colombia,208900.0,305300.0,lifestyle,unknown
786,arsenal,Arsenal,22800000.0,united kingdom,85300.0,129100.0,sports with a ball,unknown
787,borodylia,ĞšÑĞµĞ½Ğ¸Ñ Ğ‘Ğ¾Ñ€Ğ¾Ğ´Ğ¸Ğ½Ğ°,19100000.0,russia,124000.0,152900.0,shows,family
788,willyrex,Willyrex,8800000.0,spain,284400.0,337200.0,shows,unknown
789,snoopdogg,snoopdogg,76000000.0,united states,27300.0,38900.0,lifestyle,unknown
790,djokernole,Novak Djokovic,11300000.0,serbia,209800.0,258399.99999999997,sports with a ball,unknown
791,ishowspeed,IShowSpeed,3700000.0,united kingdom,575100.0,813800.0,lifestyle,unknown
792,jackblack,Jack Black,8900000.0,united states,251800.0,328800.0,cinema & actors/actresses,unknown
793,normani,Normani,7300000.0,united states,256800.0,401300.0,unknown,unknown
794,courteneycoxofficial,Courteney Cox,12200000.0,india,178900.0,236700.0,cinema & actors/actresses,unknown
795,shxxbi131,B.I,4000000.0,indonesia,620400.0,726600.0,lifestyle,unknown
796,jaspritb1,jasprit bumrah,9800000.0,india,256600.00000000003,294800.0,lifestyle,sports with a ball
797,marimaria,Mari Maria,20200000.0,brazil,74200.0,142900.0,beauty,unknown
798,t22felton,Tom Felton,11900000.0,united states,186800.0,242000.0,cinema & actors/actresses,unknown
799,jenniferwinget1,Jennifer Winget,13500000.0,india,175300.0,213200.0,cinema & actors/actresses,unknown
800,spacex,SpaceX,15800000.0,united states,148700.0,180900.0,science,machinery & technologies
801,virgilvandijk,Virgil van Dijk,12600000.0,united kingdom,159800.0,226400.0,sports with a ball,unknown
802,i_nivethathomas,Nivetha Thomas,6100000.0,india,412000.0,466000.0,cinema & actors/actresses,unknown
803,chaelincl,CL,10300000.0,brazil,206300.0,272900.0,fashion,modeling
804,subo_m,Subhan Mamedov,10100000.0,russia,229500.0,281000.0,shows,unknown
805,klarafgcastanho,KlÃ¥ra CÃ¥stanho,7400000.0,brazil,198700.0,385500.0,cinema & actors/actresses,unknown
806,miketyson,Mike Tyson,19200000.0,united states,114000.0,146900.0,fitness & gym,unknown
807,streetartglobe,StreetArtGlobe â„¢ ğŸ˜±,16600000.000000002,united states,124400.0,168900.0,unknown,unknown
808,nabilla,Nabilla Vergara âœ¨,8000000.0,france,258300.0,355400.0,beauty,unknown
809,hadise,Hadise,13800000.0,turkey,173600.0,202400.0,shows,unknown
810,davidalaba,David Alaba,10600000.0,spain,185300.0,262200.0,sports with a ball,unknown
811,paollaoliveirareal,Paolla Oliveira,34800000.0,brazil,60700.0,80300.0,cinema & actors/actresses,lifestyle
812,kawtarbamo,KAWTAR BA-MOHAMED ÙƒÙˆØ«Ø± Ø¨Ø§Ù…Ùˆ,7500000.0,morocco,276000.0,373900.0,cinema & actors/actresses,unknown
813,kaliuchis,kaliuchis,4000000.0,united states,407100.0,702800.0,unknown,unknown
814,sivakarthikeyan,Sivakarthikeyan Doss,5200000.0,india,460600.0,542500.0,unknown,unknown
815,lance210,Lance Stewart,6600000.0,united states,257000.0,426300.0,cinema & actors/actresses,humor & fun & happiness
816,chieffkeeffsossa,Chief Keef,7800000.0,united states,196000.0,362500.0,unknown,unknown
817,seojuhyun_s,SEOHYUN á„‰á…¥á„’á…§á†«,7600000.0,indonesia,295700.0,370600.0,cinema & actors/actresses,unknown
818,actor_jg,ë°°ìš° ì´ì¤€ê¸°,6500000.0,indonesia,372300.0,437300.0,cinema & actors/actresses,unknown
819,trueno,TR1 â›ˆ,6900000.0,argentina,261600.00000000003,407300.0,unknown,unknown
820,junhui_moon,JUN æ–‡ä¿Šè¾‰,2900000.0,indonesia,797700.0,978800.0,lifestyle,unknown
821,asala,Asala,7200000.0,iraq,316200.0,392000.0,shows,unknown
822,mohanshakti,Shakti Mohan,16500000.0,india,138300.0,166100.0,cinema & actors/actresses,unknown
823,imouniroy,mon,24500000.0,india,92100.0,112200.0,cinema & actors/actresses,unknown
824,dominicfike,dominicfike,3500000.0,united states,417800.0,795100.0,unknown,unknown
825,anthonyjoshua,anthonyjoshua,14300000.0,united kingdom,141500.0,192000.0,fitness & gym,unknown
826,flay,FLAY ğŸ™,7700000.0,brazil,174100.0,363500.0,lifestyle,unknown
827,gucci,gucci,49000000.0,united states,42000.0,55700.0,accessories & jewellery,clothing & outfits
828,alexis_officia1,Sanchez Alexis,14500000.0,chile,115400.0,190500.0,sports with a ball,unknown
829,sthefanematos,STHE âš“ï¸,10000000.0,brazil,123100.0,284300.0,lifestyle,unknown
830,jessicajane99,Jessica Jane,5900000.0,indonesia,352000.0,463900.0,shows,modeling
831,tohi,ğ“ğğ‡ğˆ,12100000.0,iran,162000.0,240700.0,lifestyle,unknown
832,egorkreed,Ğ•Ğ³Ğ¾Ñ€ ĞšÑ€Ğ¸Ğ´ | #HeartBreakKid,14700000.0,russia,151100.0,185300.0,unknown,unknown
833,dhanashree9,Dhanashree Verma,5200000.0,india,417200.0,525000.0,lifestyle,cinema & actors/actresses
834,blythe,Andrea Brillantes,13500000.0,philippines,175400.0,199900.0,cinema & actors/actresses,modeling
835,anastasiya_kvitko,AK,12400000.0,united states,179400.0,219500.0,lifestyle,modeling
836,natalee.007,Natalie Lee,7000000.0,united states,308600.0,394500.0,modeling,unknown
837,fedevalverde,Fede Valverde,6600000.0,spain,293800.0,416700.0,sports with a ball,unknown
838,canelo,Saul Alvarez,13500000.0,mexico,143800.0,200200.0,fitness & gym,unknown
839,alvaromorata,AÌlvaro Morata,17900000.0,italy,96700.0,149500.0,sports with a ball,literature & journalism
840,ms_puiyi,Siew Pui Yi ğŸ¤,18700000.0,united states,112300.0,143800.0,adult content,unknown
841,tamannaahspeaks,Tamannaah Bhatia,17700000.0,india,129400.0,151000.0,cinema & actors/actresses,unknown
842,tiagopzk,GOTTI A,5400000.0,argentina,219400.0,501100.0,unknown,unknown
843,rafakalimann,Rafa Kalimann,23100000.0,brazil,67300.0,121400.0,modeling,unknown
844,letthelordbewithyou,Scott Disick,27500000.0,united states,64099.99999999999,96900.0,lifestyle,family
845,jimmyfallon,Jimmy Fallon,23000000.0,united states,92500.0,115800.0,shows,humor & fun & happiness
846,sofiaalcastro,â™¡sofia castro,8800000.0,colombia,225000.0,306400.0,shows,cinema & actors/actresses
847,ler_chek,Ğ’Ğ°Ğ»ĞµÑ€Ğ¸Ñ Ğ§ĞµĞºĞ°Ğ»Ğ¸Ğ½Ğ°,10400000.0,russia,197200.0,254300.0,lifestyle,beauty
848,rafaelnadal,Rafa Nadal,16100000.000000002,spain,131300.0,164100.0,sports with a ball,unknown
849,iiqraaziz,IQRA AZIZ HUSSAINğŸ‡µğŸ‡°,8800000.0,india,265600.0,302700.0,beauty,modeling
850,maitreyiramakrishnan,Maitreyi Ramakrishnan,3800000.0,brazil,485400.0,710100.0,photography,cinema & actors/actresses
851,dhanushkraja,Dhanush,4900000.0,india,421300.0,545200.0,cinema & actors/actresses,unknown
852,priyankaamohanofficial,Priyanka Mohan,3500000.0,india,672300.0,771500.0,photography,lifestyle
853,wdohwan,ìš°ë„í™˜,4500000.0,indonesia,446200.0,591500.0,cinema & actors/actresses,unknown
854,zo,Lonzo Ball,14700000.0,united states,98900.0,178100.0,sports with a ball,unknown
855,dukeandduchessofcambridge,Duke and Duchess of Cambridge,13900000.0,united states,147100.0,187900.0,family,finance & economics
856,min.nicha,MINNIE,4099999.9999999995,thailand,468800.0,640400.0,lifestyle,unknown
857,kingarturo23oficial,Arturo Vidal,18400000.0,italy,87900.0,141900.0,sports with a ball,unknown
858,hm_son7,Son HeungMin(ì†í¥ë¯¼)ğŸ‡°ğŸ‡·,7600000.0,brazil,213100.0,346600.0,sports with a ball,unknown
859,iqbaal.e,Piko - The Forger,13600000.0,indonesia,111200.0,191100.0,cinema & actors/actresses,unknown
860,arcticmonkeys,Arctic Monkeys,4099999.9999999995,united states,463200.0,651500.0,unknown,unknown
861,realshadmehr,Shadmehr Aghili,8100000.0,iran,236400.0,329600.0,unknown,unknown
862,laurenlondon,Lauren London,9800000.0,united states,157300.0,268800.0,cinema & actors/actresses,modeling
863,kevinho,KEVINHO,28000000.0,brazil,65600.0,91800.0,unknown,unknown
864,danialves,Daniel Alves,37200000.0,brazil,44500.0,69100.0,sports with a ball,unknown
865,jordynwoods,HEIR JORDYN,12600000.0,united states,107200.0,203000.0,modeling,lifestyle
866,felipeneto,Felipe Neto ğŸ¦‰,16200000.0,brazil,112500.0,159100.0,lifestyle,unknown
867,floydmayweather,Floyd Mayweather,28400000.0,united states,51800.0,90800.0,fitness & gym,unknown
868,woozi_universefactory,WOOZI,4000000.0,indonesia,543600.0,646700.0,unknown,unknown
869,sergiroberto,Sergi Roberto,7600000.0,spain,215100.0,339000.0,sports with a ball,unknown
870,snejanaonopka15,Snejana Onopka,9200000.0,brazil,216400.0,288900.0,modeling,unknown
871,larray,larri,6700000.0,united states,262100.00000000003,384500.0,lifestyle,modeling
872,dorra_zarrouk,DORRA Ø¯Ø±Ø©.,15900000.0,egypt,118200.0,158800.0,cinema & actors/actresses,fashion
873,keyshiakaoir,Keyshia Ka'oir Davis,7800000.0,united states,182600.0,327300.0,fitness & gym,unknown
874,bmw,BMW,33700000.0,iran,57200.0,74700.0,cars & motorbikes,unknown
875,cnn,CNN,18200000.0,united states,101100.0,139500.0,shows,literature & journalism
876,guaynaa,Guaynaa ğŸ§¿,6200000.0,mexico,264600.0,408100.0,unknown,unknown
877,jscmila,Jessica Mila Agnesia,22200000.0,indonesia,84600.0,112400.0,beauty,modeling
878,sophiedee,Sophie Dee,12400000.0,united states,153100.0,203800.0,adult content,unknown
879,jessica.syj,Jessica Jung,10800000.0,indonesia,189500.0,232400.0,modeling,beauty
880,kh1000le,CHENLE ZHONG,1900000.0,united states,0.0,1300000.0,unknown,unknown
881,felicyangelista_,Felicya Angelista,21700000.0,indonesia,83300.0,114700.0,family,unknown
882,aycaaysinturan,AycÌ§a AysÌ§in Turan,6000000.0,turkey,317900.0,424100.0,cinema & actors/actresses,unknown
883,mirandacosgrove,Miranda Cosgrove,9800000.0,brazil,163700.0,255700.0,cinema & actors/actresses,lifestyle
884,kareenakapoorkhan,Kareena Kapoor Khan,9600000.0,india,210400.0,262800.0,family,cinema & actors/actresses
885,samsmith,Sam Smith,14600000.0,united states,115300.0,168900.0,fashion,unknown
886,jaydacheaves,JAYDA,7700000.0,united states,110200.0,326600.0,clothing & outfits,unknown
887,ms.sethii,Shilpa Sethi,6500000.0,united states,255900.0,387200.0,modeling,unknown
888,realhinakhan,HK,17300000.0,india,115100.0,141700.0,cinema & actors/actresses,unknown
889,_irishbella_,Irish Bella,21300000.0,indonesia,92300.0,114500.0,cinema & actors/actresses,unknown
890,thiagosilva,Thiago Silva,19800000.0,brazil,73200.0,123300.0,sports with a ball,unknown
891,watanabenaomi703,æ¸¡è¾ºç›´ç¾ã€€Naomi watanabe,9900000.0,japan,235200.0,250500.0,cinema & actors/actresses,humor & fun & happiness
892,fifaworldcup,FIFA World Cup,29100000.0,india,55700.0,84100.0,sports with a ball,unknown
893,allusnehareddy,Allu Sneha Reddy,8400000.0,india,254100.0,294600.0,travel,unknown
894,twentyonepilots,twenty one pilots,8500000.0,united states,229100.0,291300.0,unknown,unknown
895,soyneiva,Neiva Mara,11900000.0,brazil,153700.0,206400.0,adult content,unknown
896,yuzi_chahal23,Yuzvendra Chahal,8100000.0,india,249600.0,304000.0,lifestyle,sports with a ball
897,kyliecosmetics,Kylie Cosmetics,26000000.0,united states,65099.99999999999,93700.0,beauty,shopping & retail
898,theamitbhadana,Amit Bhadana ( à¤…à¤®à¤¿à¤¤ à¤­à¤¡à¤¼à¤¾à¤¨à¤¾ ),8500000.0,india,239100.0,294800.0,shows,unknown
899,ridwankamil,Ridwan Kamil,19000000.0,indonesia,85100.0,130000.0,literature & journalism,business & careers
900,arashi_5_official,ARASHI,4400000.0,japan,554200.0,580200.0,unknown,unknown
901,bumkeyk,SHINee KEY,9300000.0,indonesia,221700.0,266000.0,unknown,unknown
902,dearra,De'arra Taylor,6300000.0,united states,158600.0,395600.0,unknown,unknown
903,ansufati,Ansu Fati,9000000.0,spain,180200.0,273300.0,sports with a ball,winter sports
904,haniaheheofficial,Hania Aamir å“ˆå°¼äºšÂ·é˜¿ç±³å°”,6000000.0,pakistan,360400.0,413200.0,beauty,lifestyle
905,baifernbah,baifernbah,11200000.0,indonesia,171100.0,216800.0,lifestyle,unknown
906,raisa6690,raisa6690,33200000.000000004,indonesia,46800.0,73000.0,unknown,unknown
907,jacksepticeye,Jacksepticeye,7900000.0,united states,268200.0,311500.0,computers & gadgets,machinery & technologies
908,karolsevillaofc,KAROL SEVILLA,15100000.0,brazil,127100.0,160700.0,cinema & actors/actresses,unknown
909,nidhhiagerwal,Nidhhi Agerwal ğŸŒŸ,25400000.0,india,79200.0,94700.0,cinema & actors/actresses,modeling
910,riyadmahrez26.7,RM26,9200000.0,algeria,206500.0,266000.0,sports with a ball,unknown
911,nadin_serovski,Nadin Serovski,9400000.0,russia,189300.0,259300.0,family,lifestyle
912,jasonderulo,Jason Derulo,10400000.0,united states,162100.0,232100.0,unknown,unknown
913,veradijkmans,Vera Dijkmans,5500000.0,united states,316900.0,445400.0,adult content,unknown
914,nashgrier,Nash Grier,12600000.0,united states,106300.0,189900.0,lifestyle,modeling
915,fadiljaidi,Fadil Jaidi,7900000.0,indonesia,204200.0,306900.0,lifestyle,unknown
916,farhaddddddd,Farhad Majidi,3600000.0,iran,475400.0,786500.0,sports with a ball,unknown
917,landonorris,Lando Norris,5700000.0,italy,334300.0,421200.0,racing sports,cars & motorbikes
918,sabinahidalgo,Sabina Hidalgo,4800000.0,brazil,427100.0,512500.0,lifestyle,unknown
919,sofia9__official,SOFIA ANSARI,9100000.0,india,193100.0,268800.0,lifestyle,cinema & actors/actresses
920,canyaman,Can Yaman,10000000.0,italy,197900.0,246200.0,cinema & actors/actresses,modeling
921,kashikakapoor09,Kashika Kapoor,9600000.0,indonesia,236100.0,254500.0,beauty,lifestyle
922,ykaaar,Damiano David/MaÌŠneskin,5200000.0,italy,336700.0,462000.0,cinema & actors/actresses,unknown
923,jimena.jimenezr,Jimena,5900000.0,mexico,281500.0,406500.0,unknown,unknown
924,gongyoo_official,ê³µìœ  gongyoo official,3600000.0,indonesia,531800.0,668000.0,lifestyle,unknown
925,lilpump,Lil Pump,15000000.0,united states,100600.0,157500.0,unknown,unknown
926,reynmen,reyn,7100000.0,turkey,264800.0,337400.0,cinema & actors/actresses,unknown
927,soycintiacossio,Cintia Cossio,5700000.0,colombia,335300.0,418700.0,modeling,adult content
928,pefabiodemelo,FÃ¡bio de Melo,25700000.0,brazil,61000.0,92200.0,lifestyle,unknown
929,urassayas,Urassaya Sperbund,11900000.0,thailand,160100.0,194900.0,cinema & actors/actresses,modeling
930,ashleygraham,A S H L E Y  G R A H A M,19000000.0,united states,92700.0,122600.0,modeling,unknown
931,_chaechae_1,ê¹€ì±„ì› (CHAEWON),2800000.0,south korea,696800.0,838200.0,lifestyle,unknown
932,maxverstappen1,Max Verstappen,9100000.0,united states,195900.0,257600.00000000003,racing sports,unknown
933,antony00,Antony Santos,4000000.0,brazil,322400.0,595700.0,sports with a ball,unknown
934,gun_atthaphan,ATp,5600000.0,indonesia,349300.0,418100.0,lifestyle,unknown
935,sinavaliollah,Sina Valiollah,7300000.0,iran,256200.0,323200.0,shows,unknown
936,moneybaggyo,Certified Speaker,8400000.0,united states,119000.0,283900.0,lifestyle,unknown
937,hannahelzahed,Hannah El-Zahed,18100000.0,egypt,103900.0,128500.0,cinema & actors/actresses,unknown
938,hasnaink07,Hasnain khan,13100000.0,india,143300.0,179300.0,unknown,unknown
939,cobratate,Emory Andrew Tate III,4700000.0,romania,311000.0,506800.0,lifestyle,racing sports
940,burnaboygram,Burna Boy,11400000.0,nigeria,110600.0,203100.0,unknown,unknown
941,eunbining0904,ë°•ì€ë¹ˆ,2900000.0,south korea,690100.0,814700.0,unknown,unknown
942,fortnite,Fortnite,25700000.0,united states,76300.0,90200.0,computers & gadgets,unknown
943,armaanmalik,ARMAAN MALIK ğŸ§¿,13200000.0,india,151600.0,175600.0,unknown,unknown
944,julienco_,! Julian,6400000.0,germany,294100.0,362300.0,lifestyle,family
945,_hakkencoser_,Hakken å…«çŠ¬,3700000.0,united states,511800.0,625400.0,photography,modeling
946,juliabarretto,Julia,11200000.0,philippines,159300.0,203700.0,cinema & actors/actresses,lifestyle
947,bugatti,BUGATTI,16700000.0,united states,100800.0,136400.0,cars & motorbikes,luxury
948,joerogan,Joe Rogan,15600000.0,united states,105500.0,147200.0,humor & fun & happiness,cinema & actors/actresses
949,mccabelinho,LITTLE HAIR,5400000.0,brazil,218900.0,431900.0,lifestyle,unknown
950,strangehuman,nova,4300000.0,united states,0.0,540100.0,lifestyle,unknown
951,tontawan,à¸•à¸¹ / t u ğŸŒ»(â€¢Ó©â€¢)à·†âƒ›,3800000.0,thailand,459100.0,603800.0,beauty,lifestyle
952,danielricciardo,Daniel Ricciardo,7300000.0,united states,238300.0,309400.0,racing sports,unknown
953,ginaindelicada,Gina Indelicada,11300000.0,brazil,97300.0,199400.0,humor & fun & happiness,unknown
954,tovinothomas,Tovinoâš¡ï¸Thomas,7000000.0,india,179100.0,321700.0,cinema & actors/actresses,unknown
955,timatiofficial,13,18500000.0,russia,91500.0,121400.0,fitness & gym,lifestyle
956,jayshetty,Jay Shetty,11600000.0,united states,152500.0,192600.0,literature & journalism,trainers & coaches
957,camilacoelho,CAMILA COELHO,9900000.0,brazil,107000.0,228800.0,shows,unknown
958,becaa_barreto,Rebeca ğŸŒ™,9900000.0,brazil,119800.0,228600.0,lifestyle,unknown
959,prideofgypsies,Jason Momoa,17100000.0,united states,101300.0,130000.0,cinema & actors/actresses,unknown
960,raffinagita1717,Raffi Ahmad and Nagita Slavina,64000000.0,indonesia,23800.0,34800.0,shows,unknown
961,artmodel.one,Ğ®Ğ»ĞµÑ‡ĞºĞ°ğŸ’–Digital Art,7200000.0,india,241600.0,313500.0,unknown,unknown
962,brycehall,Bryce Hall,7200000.0,united states,242100.0,311000.0,unknown,unknown
963,silambarasantrofficial,Silambarasan TR,10200000.0,india,169600.0,216600.0,shows,lifestyle
964,bowerjamie,á´Šá´€á´Éªá´‡ á´„á´€á´á´˜Ê™á´‡ÊŸÊŸ Ê™á´á´¡á´‡Ê€,5500000.0,italy,302600.0,403400.0,cinema & actors/actresses,unknown
965,jordialbaoficial,Jordi Alba,14600000.0,spain,103900.0,150200.0,sports with a ball,unknown
966,violets.tv,Violet Summers,13800000.0,italy,118000.0,162200.0,adult content,unknown
967,nameisnani,Nani,5300000.0,india,387200.0,418000.0,humor & fun & happiness,cinema & actors/actresses
968,tommyinnit,TommyInnit,3500000.0,france,567800.0,640400.0,shows,cinema & actors/actresses
969,porsche,Porsche,26800000.0,united states,63500.0,81200.0,cars & motorbikes,unknown
970,lynaritaa,Lyna Perez,9000000.0,united states,186700.0,246700.0,lifestyle,unknown
971,tarasutaria,TARAğŸ’«,8100000.0,india,215700.0,271700.0,cinema & actors/actresses,unknown
972,thibautcourtois,Thibaut Courtois,11000000.0,spain,135200.0,196300.0,sports with a ball,unknown
973,rubyrose,Ruby Rose,20100000.0,united states,82000.0,108300.0,modeling,unknown
974,joesthetics,Jo Lindner,7600000.0,india,190000.0,289600.0,fitness & gym,unknown
976,kaka,KakaÌ,18800000.0,brazil,70200.0,114700.0,sports with a ball,unknown
977,therealjosephmorgan,Joseph Morgan,8000000.0,brazil,219800.0,275100.0,cinema & actors/actresses,lifestyle
978,marioruiz,Mario Ruiz,6200000.0,mexico,224100.0,349700.0,lifestyle,unknown
979,laurenjauregui,Lauren Jauregui,10800000.0,united states,135900.0,200700.0,unknown,unknown
980,tejasswiprakash,Tejasswi Prakash,6300000.0,india,304400.0,376700.0,fashion,beauty
981,shahinsamadpoor,Shahin Samad poor Ø´Ø§Ù‡ÛŒÙ† ØµÙ…Ø¯Ù¾ÙˆØ±,4700000.0,iran,360500.0,475900.0,literature & journalism,cinema & actors/actresses
982,michelle_lewin,Michelle Lewin,15100000.0,united states,101600.0,143400.0,fitness & gym,unknown
983,mb459,Mario Balotelli Barwuah ğŸ‡®ğŸ‡¹ğŸ‡¬ğŸ‡­âš½ï¸,10500000.0,turkey,140700.0,206000.0,sports with a ball,unknown
984,bighit_exhibition,2022 BTS EXHIBITION : Proof,5600000.0,indonesia,310300.0,384600.0,unknown,unknown
985,mario_houses,Mario Casas,7000000.0,spain,210100.0,311000.0,modeling,cinema & actors/actresses
986,valeyellow46,Valentino Rossi,14100000.0,indonesia,115600.0,151000.0,racing sports,unknown
987,jeremyrenner,Jeremy Renner,17900000.0,united states,99800.0,119300.0,shows,cinema & actors/actresses
988,leeyoum262,á„‹á…µá„‹á…²á„†á…µ,7500000.0,south korea,235500.0,288500.0,lifestyle,unknown
990,lalioficial,LALIâ¤ï¸â€ğŸ”¥,11000000.0,argentina,136000.0,194600.0,unknown,unknown
991,naisaalifiayuriza,Naisa Alifia Yuriza,9900000.0,indonesia,194900.0,218300.0,lifestyle,unknown
992,francety,Francia James,11400000.0,india,144800.0,190000.0,adult content,unknown
993,aidanrgallagher,Aidan R Gallagher,7700000.0,mexico,233200.0,280600.0,unknown,unknown
994,leosantana,O GIGANTE,17900000.0,brazil,63700.0,119500.0,unknown,unknown
996,jadethirlwall,jade amelia thirlwall,9400000.0,united states,174200.0,228100.0,unknown,unknown
997,ninja,User Not Found,12900000.0,united states,127800.0,163900.0,computers & gadgets,machinery & technologies
998,myriamfares,Myriam Fares,20600000.0,iraq,75800.0,102400.0,unknown,unknown
999,optimushwang,í™©ë¯¼í˜„,4200000.0,south korea,426000.0,508000.0,lifestyle,unknown
1000,syifahadjureal,Syifa Hadju,15500000.0,indonesia,110200.0,136100.0,modeling,unknown
